--------------------------------------------------------
-- Archivo creado  - miércoles-marzo-10-2021   
--------------------------------------------------------
--------------------------------------------------------
--  DDL for Table COACH
--------------------------------------------------------

  CREATE TABLE "ARQUI2"."COACH" 
   (	"IDCOACH" NUMBER(*,0) GENERATED BY DEFAULT AS IDENTITY MINVALUE 1 MAXVALUE 9999999999999999999999999999 INCREMENT BY 1 START WITH 1 CACHE 20 NOORDER  NOCYCLE  NOKEEP  NOSCALE , 
	"IDATLETA" NUMBER(*,0), 
	"IDENTRENADOR" NUMBER(*,0)
   ) SEGMENT CREATION IMMEDIATE 
  PCTFREE 10 PCTUSED 40 INITRANS 1 MAXTRANS 255 
 NOCOMPRESS LOGGING
  STORAGE(INITIAL 65536 NEXT 1048576 MINEXTENTS 1 MAXEXTENTS 2147483645
  PCTINCREASE 0 FREELISTS 1 FREELIST GROUPS 1
  BUFFER_POOL DEFAULT FLASH_CACHE DEFAULT CELL_FLASH_CACHE DEFAULT)
  TABLESPACE "USERS" ;
--------------------------------------------------------
--  DDL for Table DETALLEOXIGENO
--------------------------------------------------------

  CREATE TABLE "ARQUI2"."DETALLEOXIGENO" 
   (	"IDDETALLEOXIGENO" NUMBER(*,0) GENERATED BY DEFAULT AS IDENTITY MINVALUE 1 MAXVALUE 9999999999999999999999999999 INCREMENT BY 1 START WITH 1 CACHE 20 NOORDER  NOCYCLE  NOKEEP  NOSCALE , 
	"MEDICION" NUMBER(5,2), 
	"IDOXIGENO" NUMBER(*,0)
   ) SEGMENT CREATION IMMEDIATE 
  PCTFREE 10 PCTUSED 40 INITRANS 1 MAXTRANS 255 
 NOCOMPRESS LOGGING
  STORAGE(INITIAL 65536 NEXT 1048576 MINEXTENTS 1 MAXEXTENTS 2147483645
  PCTINCREASE 0 FREELISTS 1 FREELIST GROUPS 1
  BUFFER_POOL DEFAULT FLASH_CACHE DEFAULT CELL_FLASH_CACHE DEFAULT)
  TABLESPACE "USERS" ;
--------------------------------------------------------
--  DDL for Table DETALLERITMO
--------------------------------------------------------

  CREATE TABLE "ARQUI2"."DETALLERITMO" 
   (	"IDDETALLERITMO" NUMBER(*,0) GENERATED BY DEFAULT AS IDENTITY MINVALUE 1 MAXVALUE 9999999999999999999999999999 INCREMENT BY 1 START WITH 1 CACHE 20 NOORDER  NOCYCLE  NOKEEP  NOSCALE , 
	"MEDICION" NUMBER(5,2), 
	"IDRITMO" NUMBER(*,0)
   ) SEGMENT CREATION IMMEDIATE 
  PCTFREE 10 PCTUSED 40 INITRANS 1 MAXTRANS 255 
 NOCOMPRESS LOGGING
  STORAGE(INITIAL 65536 NEXT 1048576 MINEXTENTS 1 MAXEXTENTS 2147483645
  PCTINCREASE 0 FREELISTS 1 FREELIST GROUPS 1
  BUFFER_POOL DEFAULT FLASH_CACHE DEFAULT CELL_FLASH_CACHE DEFAULT)
  TABLESPACE "USERS" ;
--------------------------------------------------------
--  DDL for Table DETALLETEMPERATURA
--------------------------------------------------------

  CREATE TABLE "ARQUI2"."DETALLETEMPERATURA" 
   (	"IDDETALLETEMPERATURA" NUMBER(*,0) GENERATED BY DEFAULT AS IDENTITY MINVALUE 1 MAXVALUE 9999999999999999999999999999 INCREMENT BY 1 START WITH 1 CACHE 20 NOORDER  NOCYCLE  NOKEEP  NOSCALE , 
	"MEDICION" NUMBER(5,2), 
	"IDTEMPERATURA" NUMBER(*,0)
   ) SEGMENT CREATION IMMEDIATE 
  PCTFREE 10 PCTUSED 40 INITRANS 1 MAXTRANS 255 
 NOCOMPRESS LOGGING
  STORAGE(INITIAL 65536 NEXT 1048576 MINEXTENTS 1 MAXEXTENTS 2147483645
  PCTINCREASE 0 FREELISTS 1 FREELIST GROUPS 1
  BUFFER_POOL DEFAULT FLASH_CACHE DEFAULT CELL_FLASH_CACHE DEFAULT)
  TABLESPACE "USERS" ;
--------------------------------------------------------
--  DDL for Table OXIGENO
--------------------------------------------------------

  CREATE TABLE "ARQUI2"."OXIGENO" 
   (	"IDOXIGENO" NUMBER(*,0) GENERATED BY DEFAULT AS IDENTITY MINVALUE 1 MAXVALUE 9999999999999999999999999999 INCREMENT BY 1 START WITH 1 CACHE 20 NOORDER  NOCYCLE  NOKEEP  NOSCALE , 
	"MEDICION" NUMBER(5,2) DEFAULT 0.00, 
	"FECHAHORA" TIMESTAMP (6) DEFAULT CURRENT_TIMESTAMP, 
	"IDUSUARIO" NUMBER(*,0)
   ) SEGMENT CREATION IMMEDIATE 
  PCTFREE 10 PCTUSED 40 INITRANS 1 MAXTRANS 255 
 NOCOMPRESS LOGGING
  STORAGE(INITIAL 65536 NEXT 1048576 MINEXTENTS 1 MAXEXTENTS 2147483645
  PCTINCREASE 0 FREELISTS 1 FREELIST GROUPS 1
  BUFFER_POOL DEFAULT FLASH_CACHE DEFAULT CELL_FLASH_CACHE DEFAULT)
  TABLESPACE "USERS" ;
--------------------------------------------------------
--  DDL for Table RITMOCARDIACO
--------------------------------------------------------

  CREATE TABLE "ARQUI2"."RITMOCARDIACO" 
   (	"IDRITMO" NUMBER(*,0) GENERATED BY DEFAULT AS IDENTITY MINVALUE 1 MAXVALUE 9999999999999999999999999999 INCREMENT BY 1 START WITH 1 CACHE 20 NOORDER  NOCYCLE  NOKEEP  NOSCALE , 
	"MEDICION" NUMBER(5,2) DEFAULT 0.00, 
	"FECHAHORA" TIMESTAMP (6) DEFAULT CURRENT_TIMESTAMP, 
	"IDUSUARIO" NUMBER(*,0)
   ) SEGMENT CREATION IMMEDIATE 
  PCTFREE 10 PCTUSED 40 INITRANS 1 MAXTRANS 255 
 NOCOMPRESS LOGGING
  STORAGE(INITIAL 65536 NEXT 1048576 MINEXTENTS 1 MAXEXTENTS 2147483645
  PCTINCREASE 0 FREELISTS 1 FREELIST GROUPS 1
  BUFFER_POOL DEFAULT FLASH_CACHE DEFAULT CELL_FLASH_CACHE DEFAULT)
  TABLESPACE "USERS" ;
--------------------------------------------------------
--  DDL for Table TEMPERATURA
--------------------------------------------------------

  CREATE TABLE "ARQUI2"."TEMPERATURA" 
   (	"IDTEMPERATURA" NUMBER(*,0) GENERATED BY DEFAULT AS IDENTITY MINVALUE 1 MAXVALUE 9999999999999999999999999999 INCREMENT BY 1 START WITH 1 CACHE 20 NOORDER  NOCYCLE  NOKEEP  NOSCALE , 
	"FECHAHORA" TIMESTAMP (6) DEFAULT CURRENT_TIMESTAMP, 
	"PROMEDIO" NUMBER(5,2) DEFAULT 0.00, 
	"MINTEMP" NUMBER(5,2) DEFAULT 0.00, 
	"MAXTEMP" NUMBER(5,2) DEFAULT 0.00, 
	"IDUSUARIO" NUMBER(*,0)
   ) SEGMENT CREATION IMMEDIATE 
  PCTFREE 10 PCTUSED 40 INITRANS 1 MAXTRANS 255 
 NOCOMPRESS LOGGING
  STORAGE(INITIAL 65536 NEXT 1048576 MINEXTENTS 1 MAXEXTENTS 2147483645
  PCTINCREASE 0 FREELISTS 1 FREELIST GROUPS 1
  BUFFER_POOL DEFAULT FLASH_CACHE DEFAULT CELL_FLASH_CACHE DEFAULT)
  TABLESPACE "USERS" ;
--------------------------------------------------------
--  DDL for Table USUARIO
--------------------------------------------------------

  CREATE TABLE "ARQUI2"."USUARIO" 
   (	"IDUSUARIO" NUMBER(*,0) GENERATED BY DEFAULT AS IDENTITY MINVALUE 1 MAXVALUE 9999999999999999999999999999 INCREMENT BY 1 START WITH 1 CACHE 20 NOORDER  NOCYCLE  NOKEEP  NOSCALE , 
	"NOMBRE" VARCHAR2(75 BYTE), 
	"APELLIDO" VARCHAR2(75 BYTE), 
	"EDAD" NUMBER(*,0), 
	"GENERO" NUMBER(*,0), 
	"PESO" NUMBER(5,2), 
	"ESTATURA" NUMBER(3,2), 
	"TIPO" NUMBER(*,0) DEFAULT 0, 
	"NICKNAME" VARCHAR2(100 BYTE), 
	"CONTRASENIA" VARCHAR2(100 BYTE)
   ) SEGMENT CREATION IMMEDIATE 
  PCTFREE 10 PCTUSED 40 INITRANS 1 MAXTRANS 255 
 NOCOMPRESS LOGGING
  STORAGE(INITIAL 65536 NEXT 1048576 MINEXTENTS 1 MAXEXTENTS 2147483645
  PCTINCREASE 0 FREELISTS 1 FREELIST GROUPS 1
  BUFFER_POOL DEFAULT FLASH_CACHE DEFAULT CELL_FLASH_CACHE DEFAULT)
  TABLESPACE "USERS" ;
--------------------------------------------------------
--  DDL for View COACHING
--------------------------------------------------------

  CREATE OR REPLACE FORCE NONEDITIONABLE VIEW "ARQUI2"."COACHING" ("IDCOACH", "IDUSUARIO", "NOMBRE", "APELLIDO", "GENERO", "EDAD", "PESO", "ESTATURA") AS 
  SELECT ch.idEntrenador AS IDCOACH, us.idUsuario AS IDUSUARIO, 
    us.nombre, us.apellido, us.genero, us.edad,
    us.peso, us.estatura FROM Coach ch
  INNER JOIN Usuario us ON (ch.idAtleta = us.idUsuario)
;
REM INSERTING into ARQUI2.COACH
SET DEFINE OFF;
Insert into ARQUI2.COACH (IDCOACH,IDATLETA,IDENTRENADOR) values (1,1,5);
Insert into ARQUI2.COACH (IDCOACH,IDATLETA,IDENTRENADOR) values (2,2,5);
Insert into ARQUI2.COACH (IDCOACH,IDATLETA,IDENTRENADOR) values (3,4,5);
Insert into ARQUI2.COACH (IDCOACH,IDATLETA,IDENTRENADOR) values (4,3,6);
REM INSERTING into ARQUI2.DETALLEOXIGENO
SET DEFINE OFF;
Insert into ARQUI2.DETALLEOXIGENO (IDDETALLEOXIGENO,MEDICION,IDOXIGENO) values (81,42,61);
Insert into ARQUI2.DETALLEOXIGENO (IDDETALLEOXIGENO,MEDICION,IDOXIGENO) values (82,56,61);
Insert into ARQUI2.DETALLEOXIGENO (IDDETALLEOXIGENO,MEDICION,IDOXIGENO) values (83,78,61);
Insert into ARQUI2.DETALLEOXIGENO (IDDETALLEOXIGENO,MEDICION,IDOXIGENO) values (84,44,61);
Insert into ARQUI2.DETALLEOXIGENO (IDDETALLEOXIGENO,MEDICION,IDOXIGENO) values (85,42,61);
Insert into ARQUI2.DETALLEOXIGENO (IDDETALLEOXIGENO,MEDICION,IDOXIGENO) values (86,51,61);
Insert into ARQUI2.DETALLEOXIGENO (IDDETALLEOXIGENO,MEDICION,IDOXIGENO) values (89,37,61);
Insert into ARQUI2.DETALLEOXIGENO (IDDETALLEOXIGENO,MEDICION,IDOXIGENO) values (90,49,61);
Insert into ARQUI2.DETALLEOXIGENO (IDDETALLEOXIGENO,MEDICION,IDOXIGENO) values (91,47,61);
Insert into ARQUI2.DETALLEOXIGENO (IDDETALLEOXIGENO,MEDICION,IDOXIGENO) values (92,21,61);
Insert into ARQUI2.DETALLEOXIGENO (IDDETALLEOXIGENO,MEDICION,IDOXIGENO) values (93,21,61);
Insert into ARQUI2.DETALLEOXIGENO (IDDETALLEOXIGENO,MEDICION,IDOXIGENO) values (96,11,61);
Insert into ARQUI2.DETALLEOXIGENO (IDDETALLEOXIGENO,MEDICION,IDOXIGENO) values (97,96,61);
Insert into ARQUI2.DETALLEOXIGENO (IDDETALLEOXIGENO,MEDICION,IDOXIGENO) values (108,40,61);
Insert into ARQUI2.DETALLEOXIGENO (IDDETALLEOXIGENO,MEDICION,IDOXIGENO) values (109,69,61);
Insert into ARQUI2.DETALLEOXIGENO (IDDETALLEOXIGENO,MEDICION,IDOXIGENO) values (110,69,61);
Insert into ARQUI2.DETALLEOXIGENO (IDDETALLEOXIGENO,MEDICION,IDOXIGENO) values (111,69,61);
Insert into ARQUI2.DETALLEOXIGENO (IDDETALLEOXIGENO,MEDICION,IDOXIGENO) values (112,100,61);
Insert into ARQUI2.DETALLEOXIGENO (IDDETALLEOXIGENO,MEDICION,IDOXIGENO) values (116,93,61);
Insert into ARQUI2.DETALLEOXIGENO (IDDETALLEOXIGENO,MEDICION,IDOXIGENO) values (117,100,61);
Insert into ARQUI2.DETALLEOXIGENO (IDDETALLEOXIGENO,MEDICION,IDOXIGENO) values (118,100,61);
Insert into ARQUI2.DETALLEOXIGENO (IDDETALLEOXIGENO,MEDICION,IDOXIGENO) values (125,97,61);
Insert into ARQUI2.DETALLEOXIGENO (IDDETALLEOXIGENO,MEDICION,IDOXIGENO) values (126,99,61);
Insert into ARQUI2.DETALLEOXIGENO (IDDETALLEOXIGENO,MEDICION,IDOXIGENO) values (127,99,61);
Insert into ARQUI2.DETALLEOXIGENO (IDDETALLEOXIGENO,MEDICION,IDOXIGENO) values (128,0,61);
Insert into ARQUI2.DETALLEOXIGENO (IDDETALLEOXIGENO,MEDICION,IDOXIGENO) values (131,86,61);
Insert into ARQUI2.DETALLEOXIGENO (IDDETALLEOXIGENO,MEDICION,IDOXIGENO) values (132,61,61);
Insert into ARQUI2.DETALLEOXIGENO (IDDETALLEOXIGENO,MEDICION,IDOXIGENO) values (133,70,61);
Insert into ARQUI2.DETALLEOXIGENO (IDDETALLEOXIGENO,MEDICION,IDOXIGENO) values (134,92,61);
Insert into ARQUI2.DETALLEOXIGENO (IDDETALLEOXIGENO,MEDICION,IDOXIGENO) values (136,47,61);
Insert into ARQUI2.DETALLEOXIGENO (IDDETALLEOXIGENO,MEDICION,IDOXIGENO) values (44,77,21);
Insert into ARQUI2.DETALLEOXIGENO (IDDETALLEOXIGENO,MEDICION,IDOXIGENO) values (50,72,21);
Insert into ARQUI2.DETALLEOXIGENO (IDDETALLEOXIGENO,MEDICION,IDOXIGENO) values (52,70,21);
Insert into ARQUI2.DETALLEOXIGENO (IDDETALLEOXIGENO,MEDICION,IDOXIGENO) values (55,9,22);
Insert into ARQUI2.DETALLEOXIGENO (IDDETALLEOXIGENO,MEDICION,IDOXIGENO) values (56,62,22);
Insert into ARQUI2.DETALLEOXIGENO (IDDETALLEOXIGENO,MEDICION,IDOXIGENO) values (57,62,22);
Insert into ARQUI2.DETALLEOXIGENO (IDDETALLEOXIGENO,MEDICION,IDOXIGENO) values (58,62,22);
Insert into ARQUI2.DETALLEOXIGENO (IDDETALLEOXIGENO,MEDICION,IDOXIGENO) values (61,52,22);
Insert into ARQUI2.DETALLEOXIGENO (IDDETALLEOXIGENO,MEDICION,IDOXIGENO) values (62,52,22);
Insert into ARQUI2.DETALLEOXIGENO (IDDETALLEOXIGENO,MEDICION,IDOXIGENO) values (63,56,22);
Insert into ARQUI2.DETALLEOXIGENO (IDDETALLEOXIGENO,MEDICION,IDOXIGENO) values (64,74,22);
Insert into ARQUI2.DETALLEOXIGENO (IDDETALLEOXIGENO,MEDICION,IDOXIGENO) values (65,5,22);
Insert into ARQUI2.DETALLEOXIGENO (IDDETALLEOXIGENO,MEDICION,IDOXIGENO) values (87,75,61);
Insert into ARQUI2.DETALLEOXIGENO (IDDETALLEOXIGENO,MEDICION,IDOXIGENO) values (94,99,61);
Insert into ARQUI2.DETALLEOXIGENO (IDDETALLEOXIGENO,MEDICION,IDOXIGENO) values (95,99,61);
Insert into ARQUI2.DETALLEOXIGENO (IDDETALLEOXIGENO,MEDICION,IDOXIGENO) values (98,96,61);
Insert into ARQUI2.DETALLEOXIGENO (IDDETALLEOXIGENO,MEDICION,IDOXIGENO) values (99,96,61);
Insert into ARQUI2.DETALLEOXIGENO (IDDETALLEOXIGENO,MEDICION,IDOXIGENO) values (100,89,61);
Insert into ARQUI2.DETALLEOXIGENO (IDDETALLEOXIGENO,MEDICION,IDOXIGENO) values (102,88,61);
Insert into ARQUI2.DETALLEOXIGENO (IDDETALLEOXIGENO,MEDICION,IDOXIGENO) values (103,84,61);
Insert into ARQUI2.DETALLEOXIGENO (IDDETALLEOXIGENO,MEDICION,IDOXIGENO) values (104,42,61);
Insert into ARQUI2.DETALLEOXIGENO (IDDETALLEOXIGENO,MEDICION,IDOXIGENO) values (105,86,61);
Insert into ARQUI2.DETALLEOXIGENO (IDDETALLEOXIGENO,MEDICION,IDOXIGENO) values (106,36,61);
Insert into ARQUI2.DETALLEOXIGENO (IDDETALLEOXIGENO,MEDICION,IDOXIGENO) values (107,38,61);
Insert into ARQUI2.DETALLEOXIGENO (IDDETALLEOXIGENO,MEDICION,IDOXIGENO) values (113,92,61);
Insert into ARQUI2.DETALLEOXIGENO (IDDETALLEOXIGENO,MEDICION,IDOXIGENO) values (114,85,61);
Insert into ARQUI2.DETALLEOXIGENO (IDDETALLEOXIGENO,MEDICION,IDOXIGENO) values (115,93,61);
Insert into ARQUI2.DETALLEOXIGENO (IDDETALLEOXIGENO,MEDICION,IDOXIGENO) values (122,33,61);
Insert into ARQUI2.DETALLEOXIGENO (IDDETALLEOXIGENO,MEDICION,IDOXIGENO) values (123,62,61);
Insert into ARQUI2.DETALLEOXIGENO (IDDETALLEOXIGENO,MEDICION,IDOXIGENO) values (129,70,61);
Insert into ARQUI2.DETALLEOXIGENO (IDDETALLEOXIGENO,MEDICION,IDOXIGENO) values (130,80,61);
Insert into ARQUI2.DETALLEOXIGENO (IDDETALLEOXIGENO,MEDICION,IDOXIGENO) values (135,89,61);
Insert into ARQUI2.DETALLEOXIGENO (IDDETALLEOXIGENO,MEDICION,IDOXIGENO) values (139,96,61);
Insert into ARQUI2.DETALLEOXIGENO (IDDETALLEOXIGENO,MEDICION,IDOXIGENO) values (141,19,11);
Insert into ARQUI2.DETALLEOXIGENO (IDDETALLEOXIGENO,MEDICION,IDOXIGENO) values (162,94,101);
Insert into ARQUI2.DETALLEOXIGENO (IDDETALLEOXIGENO,MEDICION,IDOXIGENO) values (176,99,101);
Insert into ARQUI2.DETALLEOXIGENO (IDDETALLEOXIGENO,MEDICION,IDOXIGENO) values (177,99,101);
Insert into ARQUI2.DETALLEOXIGENO (IDDETALLEOXIGENO,MEDICION,IDOXIGENO) values (186,100,101);
Insert into ARQUI2.DETALLEOXIGENO (IDDETALLEOXIGENO,MEDICION,IDOXIGENO) values (187,99,101);
Insert into ARQUI2.DETALLEOXIGENO (IDDETALLEOXIGENO,MEDICION,IDOXIGENO) values (194,81,101);
Insert into ARQUI2.DETALLEOXIGENO (IDDETALLEOXIGENO,MEDICION,IDOXIGENO) values (195,99,101);
Insert into ARQUI2.DETALLEOXIGENO (IDDETALLEOXIGENO,MEDICION,IDOXIGENO) values (252,97,141);
Insert into ARQUI2.DETALLEOXIGENO (IDDETALLEOXIGENO,MEDICION,IDOXIGENO) values (260,93,141);
Insert into ARQUI2.DETALLEOXIGENO (IDDETALLEOXIGENO,MEDICION,IDOXIGENO) values (261,82,141);
Insert into ARQUI2.DETALLEOXIGENO (IDDETALLEOXIGENO,MEDICION,IDOXIGENO) values (262,94,141);
Insert into ARQUI2.DETALLEOXIGENO (IDDETALLEOXIGENO,MEDICION,IDOXIGENO) values (269,85,141);
Insert into ARQUI2.DETALLEOXIGENO (IDDETALLEOXIGENO,MEDICION,IDOXIGENO) values (270,100,141);
Insert into ARQUI2.DETALLEOXIGENO (IDDETALLEOXIGENO,MEDICION,IDOXIGENO) values (24,100,21);
Insert into ARQUI2.DETALLEOXIGENO (IDDETALLEOXIGENO,MEDICION,IDOXIGENO) values (25,99,21);
Insert into ARQUI2.DETALLEOXIGENO (IDDETALLEOXIGENO,MEDICION,IDOXIGENO) values (26,100,21);
Insert into ARQUI2.DETALLEOXIGENO (IDDETALLEOXIGENO,MEDICION,IDOXIGENO) values (29,71,21);
Insert into ARQUI2.DETALLEOXIGENO (IDDETALLEOXIGENO,MEDICION,IDOXIGENO) values (32,38,21);
Insert into ARQUI2.DETALLEOXIGENO (IDDETALLEOXIGENO,MEDICION,IDOXIGENO) values (33,50,21);
Insert into ARQUI2.DETALLEOXIGENO (IDDETALLEOXIGENO,MEDICION,IDOXIGENO) values (34,55,21);
Insert into ARQUI2.DETALLEOXIGENO (IDDETALLEOXIGENO,MEDICION,IDOXIGENO) values (35,40,21);
Insert into ARQUI2.DETALLEOXIGENO (IDDETALLEOXIGENO,MEDICION,IDOXIGENO) values (36,41,21);
Insert into ARQUI2.DETALLEOXIGENO (IDDETALLEOXIGENO,MEDICION,IDOXIGENO) values (38,76,21);
Insert into ARQUI2.DETALLEOXIGENO (IDDETALLEOXIGENO,MEDICION,IDOXIGENO) values (40,77,21);
Insert into ARQUI2.DETALLEOXIGENO (IDDETALLEOXIGENO,MEDICION,IDOXIGENO) values (41,77,21);
Insert into ARQUI2.DETALLEOXIGENO (IDDETALLEOXIGENO,MEDICION,IDOXIGENO) values (42,77,21);
Insert into ARQUI2.DETALLEOXIGENO (IDDETALLEOXIGENO,MEDICION,IDOXIGENO) values (59,99,22);
Insert into ARQUI2.DETALLEOXIGENO (IDDETALLEOXIGENO,MEDICION,IDOXIGENO) values (60,52,22);
Insert into ARQUI2.DETALLEOXIGENO (IDDETALLEOXIGENO,MEDICION,IDOXIGENO) values (66,93,22);
Insert into ARQUI2.DETALLEOXIGENO (IDDETALLEOXIGENO,MEDICION,IDOXIGENO) values (67,61,22);
Insert into ARQUI2.DETALLEOXIGENO (IDDETALLEOXIGENO,MEDICION,IDOXIGENO) values (68,98,22);
Insert into ARQUI2.DETALLEOXIGENO (IDDETALLEOXIGENO,MEDICION,IDOXIGENO) values (69,98,22);
Insert into ARQUI2.DETALLEOXIGENO (IDDETALLEOXIGENO,MEDICION,IDOXIGENO) values (70,85,22);
Insert into ARQUI2.DETALLEOXIGENO (IDDETALLEOXIGENO,MEDICION,IDOXIGENO) values (71,11,22);
Insert into ARQUI2.DETALLEOXIGENO (IDDETALLEOXIGENO,MEDICION,IDOXIGENO) values (137,84,61);
Insert into ARQUI2.DETALLEOXIGENO (IDDETALLEOXIGENO,MEDICION,IDOXIGENO) values (196,98,101);
Insert into ARQUI2.DETALLEOXIGENO (IDDETALLEOXIGENO,MEDICION,IDOXIGENO) values (197,98,101);
Insert into ARQUI2.DETALLEOXIGENO (IDDETALLEOXIGENO,MEDICION,IDOXIGENO) values (198,98,101);
Insert into ARQUI2.DETALLEOXIGENO (IDDETALLEOXIGENO,MEDICION,IDOXIGENO) values (199,98,101);
Insert into ARQUI2.DETALLEOXIGENO (IDDETALLEOXIGENO,MEDICION,IDOXIGENO) values (200,94,101);
Insert into ARQUI2.DETALLEOXIGENO (IDDETALLEOXIGENO,MEDICION,IDOXIGENO) values (201,99,101);
Insert into ARQUI2.DETALLEOXIGENO (IDDETALLEOXIGENO,MEDICION,IDOXIGENO) values (119,58,61);
Insert into ARQUI2.DETALLEOXIGENO (IDDETALLEOXIGENO,MEDICION,IDOXIGENO) values (120,80,61);
Insert into ARQUI2.DETALLEOXIGENO (IDDETALLEOXIGENO,MEDICION,IDOXIGENO) values (121,58,61);
Insert into ARQUI2.DETALLEOXIGENO (IDDETALLEOXIGENO,MEDICION,IDOXIGENO) values (124,92,61);
Insert into ARQUI2.DETALLEOXIGENO (IDDETALLEOXIGENO,MEDICION,IDOXIGENO) values (222,100,121);
Insert into ARQUI2.DETALLEOXIGENO (IDDETALLEOXIGENO,MEDICION,IDOXIGENO) values (223,98,121);
Insert into ARQUI2.DETALLEOXIGENO (IDDETALLEOXIGENO,MEDICION,IDOXIGENO) values (241,99,141);
Insert into ARQUI2.DETALLEOXIGENO (IDDETALLEOXIGENO,MEDICION,IDOXIGENO) values (245,96,141);
Insert into ARQUI2.DETALLEOXIGENO (IDDETALLEOXIGENO,MEDICION,IDOXIGENO) values (246,0,141);
Insert into ARQUI2.DETALLEOXIGENO (IDDETALLEOXIGENO,MEDICION,IDOXIGENO) values (247,43,141);
Insert into ARQUI2.DETALLEOXIGENO (IDDETALLEOXIGENO,MEDICION,IDOXIGENO) values (248,31,141);
Insert into ARQUI2.DETALLEOXIGENO (IDDETALLEOXIGENO,MEDICION,IDOXIGENO) values (249,31,141);
Insert into ARQUI2.DETALLEOXIGENO (IDDETALLEOXIGENO,MEDICION,IDOXIGENO) values (250,34,141);
Insert into ARQUI2.DETALLEOXIGENO (IDDETALLEOXIGENO,MEDICION,IDOXIGENO) values (251,93,141);
Insert into ARQUI2.DETALLEOXIGENO (IDDETALLEOXIGENO,MEDICION,IDOXIGENO) values (1,19,11);
Insert into ARQUI2.DETALLEOXIGENO (IDDETALLEOXIGENO,MEDICION,IDOXIGENO) values (3,95,12);
Insert into ARQUI2.DETALLEOXIGENO (IDDETALLEOXIGENO,MEDICION,IDOXIGENO) values (54,73,22);
Insert into ARQUI2.DETALLEOXIGENO (IDDETALLEOXIGENO,MEDICION,IDOXIGENO) values (101,88,61);
Insert into ARQUI2.DETALLEOXIGENO (IDDETALLEOXIGENO,MEDICION,IDOXIGENO) values (161,90,101);
Insert into ARQUI2.DETALLEOXIGENO (IDDETALLEOXIGENO,MEDICION,IDOXIGENO) values (163,98,101);
Insert into ARQUI2.DETALLEOXIGENO (IDDETALLEOXIGENO,MEDICION,IDOXIGENO) values (164,90,101);
Insert into ARQUI2.DETALLEOXIGENO (IDDETALLEOXIGENO,MEDICION,IDOXIGENO) values (165,85,101);
Insert into ARQUI2.DETALLEOXIGENO (IDDETALLEOXIGENO,MEDICION,IDOXIGENO) values (166,90,101);
Insert into ARQUI2.DETALLEOXIGENO (IDDETALLEOXIGENO,MEDICION,IDOXIGENO) values (167,90,101);
Insert into ARQUI2.DETALLEOXIGENO (IDDETALLEOXIGENO,MEDICION,IDOXIGENO) values (168,90,101);
Insert into ARQUI2.DETALLEOXIGENO (IDDETALLEOXIGENO,MEDICION,IDOXIGENO) values (169,91,101);
Insert into ARQUI2.DETALLEOXIGENO (IDDETALLEOXIGENO,MEDICION,IDOXIGENO) values (170,83,101);
Insert into ARQUI2.DETALLEOXIGENO (IDDETALLEOXIGENO,MEDICION,IDOXIGENO) values (171,28,101);
Insert into ARQUI2.DETALLEOXIGENO (IDDETALLEOXIGENO,MEDICION,IDOXIGENO) values (172,28,101);
Insert into ARQUI2.DETALLEOXIGENO (IDDETALLEOXIGENO,MEDICION,IDOXIGENO) values (173,99,101);
Insert into ARQUI2.DETALLEOXIGENO (IDDETALLEOXIGENO,MEDICION,IDOXIGENO) values (174,97,101);
Insert into ARQUI2.DETALLEOXIGENO (IDDETALLEOXIGENO,MEDICION,IDOXIGENO) values (178,100,101);
Insert into ARQUI2.DETALLEOXIGENO (IDDETALLEOXIGENO,MEDICION,IDOXIGENO) values (179,100,101);
Insert into ARQUI2.DETALLEOXIGENO (IDDETALLEOXIGENO,MEDICION,IDOXIGENO) values (180,100,101);
Insert into ARQUI2.DETALLEOXIGENO (IDDETALLEOXIGENO,MEDICION,IDOXIGENO) values (181,86,101);
Insert into ARQUI2.DETALLEOXIGENO (IDDETALLEOXIGENO,MEDICION,IDOXIGENO) values (182,100,101);
Insert into ARQUI2.DETALLEOXIGENO (IDDETALLEOXIGENO,MEDICION,IDOXIGENO) values (183,100,101);
Insert into ARQUI2.DETALLEOXIGENO (IDDETALLEOXIGENO,MEDICION,IDOXIGENO) values (184,100,101);
Insert into ARQUI2.DETALLEOXIGENO (IDDETALLEOXIGENO,MEDICION,IDOXIGENO) values (185,100,101);
Insert into ARQUI2.DETALLEOXIGENO (IDDETALLEOXIGENO,MEDICION,IDOXIGENO) values (188,99,101);
Insert into ARQUI2.DETALLEOXIGENO (IDDETALLEOXIGENO,MEDICION,IDOXIGENO) values (189,99,101);
Insert into ARQUI2.DETALLEOXIGENO (IDDETALLEOXIGENO,MEDICION,IDOXIGENO) values (190,100,101);
Insert into ARQUI2.DETALLEOXIGENO (IDDETALLEOXIGENO,MEDICION,IDOXIGENO) values (191,82,101);
Insert into ARQUI2.DETALLEOXIGENO (IDDETALLEOXIGENO,MEDICION,IDOXIGENO) values (192,99,101);
Insert into ARQUI2.DETALLEOXIGENO (IDDETALLEOXIGENO,MEDICION,IDOXIGENO) values (193,100,101);
Insert into ARQUI2.DETALLEOXIGENO (IDDETALLEOXIGENO,MEDICION,IDOXIGENO) values (221,100,121);
Insert into ARQUI2.DETALLEOXIGENO (IDDETALLEOXIGENO,MEDICION,IDOXIGENO) values (224,99,121);
Insert into ARQUI2.DETALLEOXIGENO (IDDETALLEOXIGENO,MEDICION,IDOXIGENO) values (225,97,121);
Insert into ARQUI2.DETALLEOXIGENO (IDDETALLEOXIGENO,MEDICION,IDOXIGENO) values (226,46,121);
Insert into ARQUI2.DETALLEOXIGENO (IDDETALLEOXIGENO,MEDICION,IDOXIGENO) values (227,25,121);
Insert into ARQUI2.DETALLEOXIGENO (IDDETALLEOXIGENO,MEDICION,IDOXIGENO) values (242,95,141);
Insert into ARQUI2.DETALLEOXIGENO (IDDETALLEOXIGENO,MEDICION,IDOXIGENO) values (243,97,141);
Insert into ARQUI2.DETALLEOXIGENO (IDDETALLEOXIGENO,MEDICION,IDOXIGENO) values (244,98,141);
Insert into ARQUI2.DETALLEOXIGENO (IDDETALLEOXIGENO,MEDICION,IDOXIGENO) values (253,98,141);
Insert into ARQUI2.DETALLEOXIGENO (IDDETALLEOXIGENO,MEDICION,IDOXIGENO) values (254,97,141);
Insert into ARQUI2.DETALLEOXIGENO (IDDETALLEOXIGENO,MEDICION,IDOXIGENO) values (255,99,141);
Insert into ARQUI2.DETALLEOXIGENO (IDDETALLEOXIGENO,MEDICION,IDOXIGENO) values (257,100,141);
Insert into ARQUI2.DETALLEOXIGENO (IDDETALLEOXIGENO,MEDICION,IDOXIGENO) values (258,100,141);
Insert into ARQUI2.DETALLEOXIGENO (IDDETALLEOXIGENO,MEDICION,IDOXIGENO) values (259,100,141);
Insert into ARQUI2.DETALLEOXIGENO (IDDETALLEOXIGENO,MEDICION,IDOXIGENO) values (263,89,141);
Insert into ARQUI2.DETALLEOXIGENO (IDDETALLEOXIGENO,MEDICION,IDOXIGENO) values (264,81,141);
Insert into ARQUI2.DETALLEOXIGENO (IDDETALLEOXIGENO,MEDICION,IDOXIGENO) values (265,89,141);
Insert into ARQUI2.DETALLEOXIGENO (IDDETALLEOXIGENO,MEDICION,IDOXIGENO) values (266,100,141);
Insert into ARQUI2.DETALLEOXIGENO (IDDETALLEOXIGENO,MEDICION,IDOXIGENO) values (267,70,141);
Insert into ARQUI2.DETALLEOXIGENO (IDDETALLEOXIGENO,MEDICION,IDOXIGENO) values (268,94,141);
Insert into ARQUI2.DETALLEOXIGENO (IDDETALLEOXIGENO,MEDICION,IDOXIGENO) values (271,66,141);
Insert into ARQUI2.DETALLEOXIGENO (IDDETALLEOXIGENO,MEDICION,IDOXIGENO) values (272,98,141);
Insert into ARQUI2.DETALLEOXIGENO (IDDETALLEOXIGENO,MEDICION,IDOXIGENO) values (273,100,141);
Insert into ARQUI2.DETALLEOXIGENO (IDDETALLEOXIGENO,MEDICION,IDOXIGENO) values (274,97,141);
REM INSERTING into ARQUI2.DETALLERITMO
SET DEFINE OFF;
Insert into ARQUI2.DETALLERITMO (IDDETALLERITMO,MEDICION,IDRITMO) values (29,90,18);
Insert into ARQUI2.DETALLERITMO (IDDETALLERITMO,MEDICION,IDRITMO) values (30,91,18);
Insert into ARQUI2.DETALLERITMO (IDDETALLERITMO,MEDICION,IDRITMO) values (31,92,18);
Insert into ARQUI2.DETALLERITMO (IDDETALLERITMO,MEDICION,IDRITMO) values (32,93,18);
Insert into ARQUI2.DETALLERITMO (IDDETALLERITMO,MEDICION,IDRITMO) values (33,94,18);
Insert into ARQUI2.DETALLERITMO (IDDETALLERITMO,MEDICION,IDRITMO) values (49,110,18);
Insert into ARQUI2.DETALLERITMO (IDDETALLERITMO,MEDICION,IDRITMO) values (57,118,18);
Insert into ARQUI2.DETALLERITMO (IDDETALLERITMO,MEDICION,IDRITMO) values (58,119,18);
Insert into ARQUI2.DETALLERITMO (IDDETALLERITMO,MEDICION,IDRITMO) values (59,120,18);
Insert into ARQUI2.DETALLERITMO (IDDETALLERITMO,MEDICION,IDRITMO) values (60,121,18);
Insert into ARQUI2.DETALLERITMO (IDDETALLERITMO,MEDICION,IDRITMO) values (61,122,18);
Insert into ARQUI2.DETALLERITMO (IDDETALLERITMO,MEDICION,IDRITMO) values (62,123,18);
Insert into ARQUI2.DETALLERITMO (IDDETALLERITMO,MEDICION,IDRITMO) values (77,138,18);
Insert into ARQUI2.DETALLERITMO (IDDETALLERITMO,MEDICION,IDRITMO) values (85,146,18);
Insert into ARQUI2.DETALLERITMO (IDDETALLERITMO,MEDICION,IDRITMO) values (86,147,18);
Insert into ARQUI2.DETALLERITMO (IDDETALLERITMO,MEDICION,IDRITMO) values (87,148,18);
Insert into ARQUI2.DETALLERITMO (IDDETALLERITMO,MEDICION,IDRITMO) values (88,149,18);
Insert into ARQUI2.DETALLERITMO (IDDETALLERITMO,MEDICION,IDRITMO) values (89,150,18);
Insert into ARQUI2.DETALLERITMO (IDDETALLERITMO,MEDICION,IDRITMO) values (90,151,18);
Insert into ARQUI2.DETALLERITMO (IDDETALLERITMO,MEDICION,IDRITMO) values (113,174,18);
Insert into ARQUI2.DETALLERITMO (IDDETALLERITMO,MEDICION,IDRITMO) values (114,175,18);
Insert into ARQUI2.DETALLERITMO (IDDETALLERITMO,MEDICION,IDRITMO) values (115,176,18);
Insert into ARQUI2.DETALLERITMO (IDDETALLERITMO,MEDICION,IDRITMO) values (116,177,18);
Insert into ARQUI2.DETALLERITMO (IDDETALLERITMO,MEDICION,IDRITMO) values (117,178,18);
Insert into ARQUI2.DETALLERITMO (IDDETALLERITMO,MEDICION,IDRITMO) values (118,179,18);
Insert into ARQUI2.DETALLERITMO (IDDETALLERITMO,MEDICION,IDRITMO) values (130,116,20);
Insert into ARQUI2.DETALLERITMO (IDDETALLERITMO,MEDICION,IDRITMO) values (131,117,20);
Insert into ARQUI2.DETALLERITMO (IDDETALLERITMO,MEDICION,IDRITMO) values (135,121,20);
Insert into ARQUI2.DETALLERITMO (IDDETALLERITMO,MEDICION,IDRITMO) values (139,125,20);
Insert into ARQUI2.DETALLERITMO (IDDETALLERITMO,MEDICION,IDRITMO) values (140,126,20);
Insert into ARQUI2.DETALLERITMO (IDDETALLERITMO,MEDICION,IDRITMO) values (141,127,20);
Insert into ARQUI2.DETALLERITMO (IDDETALLERITMO,MEDICION,IDRITMO) values (142,128,20);
Insert into ARQUI2.DETALLERITMO (IDDETALLERITMO,MEDICION,IDRITMO) values (155,141,20);
Insert into ARQUI2.DETALLERITMO (IDDETALLERITMO,MEDICION,IDRITMO) values (156,142,20);
Insert into ARQUI2.DETALLERITMO (IDDETALLERITMO,MEDICION,IDRITMO) values (157,143,20);
Insert into ARQUI2.DETALLERITMO (IDDETALLERITMO,MEDICION,IDRITMO) values (158,144,20);
Insert into ARQUI2.DETALLERITMO (IDDETALLERITMO,MEDICION,IDRITMO) values (159,145,20);
Insert into ARQUI2.DETALLERITMO (IDDETALLERITMO,MEDICION,IDRITMO) values (167,153,20);
Insert into ARQUI2.DETALLERITMO (IDDETALLERITMO,MEDICION,IDRITMO) values (168,154,20);
Insert into ARQUI2.DETALLERITMO (IDDETALLERITMO,MEDICION,IDRITMO) values (180,166,20);
Insert into ARQUI2.DETALLERITMO (IDDETALLERITMO,MEDICION,IDRITMO) values (181,167,20);
Insert into ARQUI2.DETALLERITMO (IDDETALLERITMO,MEDICION,IDRITMO) values (182,168,20);
Insert into ARQUI2.DETALLERITMO (IDDETALLERITMO,MEDICION,IDRITMO) values (183,169,20);
Insert into ARQUI2.DETALLERITMO (IDDETALLERITMO,MEDICION,IDRITMO) values (184,170,20);
Insert into ARQUI2.DETALLERITMO (IDDETALLERITMO,MEDICION,IDRITMO) values (186,172,20);
Insert into ARQUI2.DETALLERITMO (IDDETALLERITMO,MEDICION,IDRITMO) values (187,173,20);
Insert into ARQUI2.DETALLERITMO (IDDETALLERITMO,MEDICION,IDRITMO) values (205,191,20);
Insert into ARQUI2.DETALLERITMO (IDDETALLERITMO,MEDICION,IDRITMO) values (206,192,20);
Insert into ARQUI2.DETALLERITMO (IDDETALLERITMO,MEDICION,IDRITMO) values (207,193,20);
Insert into ARQUI2.DETALLERITMO (IDDETALLERITMO,MEDICION,IDRITMO) values (208,194,20);
Insert into ARQUI2.DETALLERITMO (IDDETALLERITMO,MEDICION,IDRITMO) values (209,195,20);
Insert into ARQUI2.DETALLERITMO (IDDETALLERITMO,MEDICION,IDRITMO) values (210,196,20);
Insert into ARQUI2.DETALLERITMO (IDDETALLERITMO,MEDICION,IDRITMO) values (234,149,21);
Insert into ARQUI2.DETALLERITMO (IDDETALLERITMO,MEDICION,IDRITMO) values (323,50,61);
Insert into ARQUI2.DETALLERITMO (IDDETALLERITMO,MEDICION,IDRITMO) values (324,100,61);
Insert into ARQUI2.DETALLERITMO (IDDETALLERITMO,MEDICION,IDRITMO) values (325,120,61);
Insert into ARQUI2.DETALLERITMO (IDDETALLERITMO,MEDICION,IDRITMO) values (326,85,61);
Insert into ARQUI2.DETALLERITMO (IDDETALLERITMO,MEDICION,IDRITMO) values (327,88,61);
Insert into ARQUI2.DETALLERITMO (IDDETALLERITMO,MEDICION,IDRITMO) values (328,100,61);
Insert into ARQUI2.DETALLERITMO (IDDETALLERITMO,MEDICION,IDRITMO) values (329,108,61);
Insert into ARQUI2.DETALLERITMO (IDDETALLERITMO,MEDICION,IDRITMO) values (332,108,61);
Insert into ARQUI2.DETALLERITMO (IDDETALLERITMO,MEDICION,IDRITMO) values (333,149,61);
Insert into ARQUI2.DETALLERITMO (IDDETALLERITMO,MEDICION,IDRITMO) values (334,108,61);
Insert into ARQUI2.DETALLERITMO (IDDETALLERITMO,MEDICION,IDRITMO) values (335,120,61);
Insert into ARQUI2.DETALLERITMO (IDDETALLERITMO,MEDICION,IDRITMO) values (336,120,61);
Insert into ARQUI2.DETALLERITMO (IDDETALLERITMO,MEDICION,IDRITMO) values (337,88,61);
Insert into ARQUI2.DETALLERITMO (IDDETALLERITMO,MEDICION,IDRITMO) values (338,88,61);
Insert into ARQUI2.DETALLERITMO (IDDETALLERITMO,MEDICION,IDRITMO) values (341,132,61);
Insert into ARQUI2.DETALLERITMO (IDDETALLERITMO,MEDICION,IDRITMO) values (342,132,61);
Insert into ARQUI2.DETALLERITMO (IDDETALLERITMO,MEDICION,IDRITMO) values (343,108,61);
Insert into ARQUI2.DETALLERITMO (IDDETALLERITMO,MEDICION,IDRITMO) values (344,108,61);
Insert into ARQUI2.DETALLERITMO (IDDETALLERITMO,MEDICION,IDRITMO) values (345,108,61);
Insert into ARQUI2.DETALLERITMO (IDDETALLERITMO,MEDICION,IDRITMO) values (346,75,61);
Insert into ARQUI2.DETALLERITMO (IDDETALLERITMO,MEDICION,IDRITMO) values (347,92,61);
Insert into ARQUI2.DETALLERITMO (IDDETALLERITMO,MEDICION,IDRITMO) values (348,171,61);
Insert into ARQUI2.DETALLERITMO (IDDETALLERITMO,MEDICION,IDRITMO) values (349,171,61);
Insert into ARQUI2.DETALLERITMO (IDDETALLERITMO,MEDICION,IDRITMO) values (353,85,61);
Insert into ARQUI2.DETALLERITMO (IDDETALLERITMO,MEDICION,IDRITMO) values (354,100,61);
Insert into ARQUI2.DETALLERITMO (IDDETALLERITMO,MEDICION,IDRITMO) values (355,108,61);
Insert into ARQUI2.DETALLERITMO (IDDETALLERITMO,MEDICION,IDRITMO) values (356,65,61);
Insert into ARQUI2.DETALLERITMO (IDDETALLERITMO,MEDICION,IDRITMO) values (357,132,61);
Insert into ARQUI2.DETALLERITMO (IDDETALLERITMO,MEDICION,IDRITMO) values (358,88,61);
Insert into ARQUI2.DETALLERITMO (IDDETALLERITMO,MEDICION,IDRITMO) values (359,108,61);
Insert into ARQUI2.DETALLERITMO (IDDETALLERITMO,MEDICION,IDRITMO) values (360,149,61);
Insert into ARQUI2.DETALLERITMO (IDDETALLERITMO,MEDICION,IDRITMO) values (361,100,61);
Insert into ARQUI2.DETALLERITMO (IDDETALLERITMO,MEDICION,IDRITMO) values (370,120,61);
Insert into ARQUI2.DETALLERITMO (IDDETALLERITMO,MEDICION,IDRITMO) values (371,240,61);
Insert into ARQUI2.DETALLERITMO (IDDETALLERITMO,MEDICION,IDRITMO) values (372,149,61);
Insert into ARQUI2.DETALLERITMO (IDDETALLERITMO,MEDICION,IDRITMO) values (373,132,61);
Insert into ARQUI2.DETALLERITMO (IDDETALLERITMO,MEDICION,IDRITMO) values (374,132,61);
Insert into ARQUI2.DETALLERITMO (IDDETALLERITMO,MEDICION,IDRITMO) values (375,68,61);
Insert into ARQUI2.DETALLERITMO (IDDETALLERITMO,MEDICION,IDRITMO) values (378,108,61);
Insert into ARQUI2.DETALLERITMO (IDDETALLERITMO,MEDICION,IDRITMO) values (379,100,61);
Insert into ARQUI2.DETALLERITMO (IDDETALLERITMO,MEDICION,IDRITMO) values (380,108,61);
Insert into ARQUI2.DETALLERITMO (IDDETALLERITMO,MEDICION,IDRITMO) values (388,88,61);
Insert into ARQUI2.DETALLERITMO (IDDETALLERITMO,MEDICION,IDRITMO) values (389,92,61);
Insert into ARQUI2.DETALLERITMO (IDDETALLERITMO,MEDICION,IDRITMO) values (390,132,61);
Insert into ARQUI2.DETALLERITMO (IDDETALLERITMO,MEDICION,IDRITMO) values (391,132,61);
Insert into ARQUI2.DETALLERITMO (IDDETALLERITMO,MEDICION,IDRITMO) values (392,93,61);
Insert into ARQUI2.DETALLERITMO (IDDETALLERITMO,MEDICION,IDRITMO) values (394,171,61);
Insert into ARQUI2.DETALLERITMO (IDDETALLERITMO,MEDICION,IDRITMO) values (395,171,61);
Insert into ARQUI2.DETALLERITMO (IDDETALLERITMO,MEDICION,IDRITMO) values (396,132,61);
Insert into ARQUI2.DETALLERITMO (IDDETALLERITMO,MEDICION,IDRITMO) values (399,100,61);
Insert into ARQUI2.DETALLERITMO (IDDETALLERITMO,MEDICION,IDRITMO) values (400,240,61);
Insert into ARQUI2.DETALLERITMO (IDDETALLERITMO,MEDICION,IDRITMO) values (401,171,61);
Insert into ARQUI2.DETALLERITMO (IDDETALLERITMO,MEDICION,IDRITMO) values (402,171,61);
Insert into ARQUI2.DETALLERITMO (IDDETALLERITMO,MEDICION,IDRITMO) values (403,132,61);
Insert into ARQUI2.DETALLERITMO (IDDETALLERITMO,MEDICION,IDRITMO) values (405,171,61);
Insert into ARQUI2.DETALLERITMO (IDDETALLERITMO,MEDICION,IDRITMO) values (406,120,61);
Insert into ARQUI2.DETALLERITMO (IDDETALLERITMO,MEDICION,IDRITMO) values (1,95,13);
Insert into ARQUI2.DETALLERITMO (IDDETALLERITMO,MEDICION,IDRITMO) values (239,120,21);
Insert into ARQUI2.DETALLERITMO (IDDETALLERITMO,MEDICION,IDRITMO) values (240,171,21);
Insert into ARQUI2.DETALLERITMO (IDDETALLERITMO,MEDICION,IDRITMO) values (241,149,21);
Insert into ARQUI2.DETALLERITMO (IDDETALLERITMO,MEDICION,IDRITMO) values (242,171,21);
Insert into ARQUI2.DETALLERITMO (IDDETALLERITMO,MEDICION,IDRITMO) values (245,92,21);
Insert into ARQUI2.DETALLERITMO (IDDETALLERITMO,MEDICION,IDRITMO) values (246,100,21);
Insert into ARQUI2.DETALLERITMO (IDDETALLERITMO,MEDICION,IDRITMO) values (250,240,22);
Insert into ARQUI2.DETALLERITMO (IDDETALLERITMO,MEDICION,IDRITMO) values (251,120,22);
Insert into ARQUI2.DETALLERITMO (IDDETALLERITMO,MEDICION,IDRITMO) values (252,132,22);
Insert into ARQUI2.DETALLERITMO (IDDETALLERITMO,MEDICION,IDRITMO) values (253,132,22);
Insert into ARQUI2.DETALLERITMO (IDDETALLERITMO,MEDICION,IDRITMO) values (254,149,22);
Insert into ARQUI2.DETALLERITMO (IDDETALLERITMO,MEDICION,IDRITMO) values (257,149,22);
Insert into ARQUI2.DETALLERITMO (IDDETALLERITMO,MEDICION,IDRITMO) values (258,85,22);
Insert into ARQUI2.DETALLERITMO (IDDETALLERITMO,MEDICION,IDRITMO) values (259,149,22);
Insert into ARQUI2.DETALLERITMO (IDDETALLERITMO,MEDICION,IDRITMO) values (260,100,22);
Insert into ARQUI2.DETALLERITMO (IDDETALLERITMO,MEDICION,IDRITMO) values (261,100,22);
Insert into ARQUI2.DETALLERITMO (IDDETALLERITMO,MEDICION,IDRITMO) values (266,100,22);
Insert into ARQUI2.DETALLERITMO (IDDETALLERITMO,MEDICION,IDRITMO) values (267,60,22);
Insert into ARQUI2.DETALLERITMO (IDDETALLERITMO,MEDICION,IDRITMO) values (268,60,22);
Insert into ARQUI2.DETALLERITMO (IDDETALLERITMO,MEDICION,IDRITMO) values (269,108,22);
Insert into ARQUI2.DETALLERITMO (IDDETALLERITMO,MEDICION,IDRITMO) values (270,100,22);
Insert into ARQUI2.DETALLERITMO (IDDETALLERITMO,MEDICION,IDRITMO) values (271,100,22);
Insert into ARQUI2.DETALLERITMO (IDDETALLERITMO,MEDICION,IDRITMO) values (274,92,22);
Insert into ARQUI2.DETALLERITMO (IDDETALLERITMO,MEDICION,IDRITMO) values (275,100,22);
Insert into ARQUI2.DETALLERITMO (IDDETALLERITMO,MEDICION,IDRITMO) values (276,75,22);
Insert into ARQUI2.DETALLERITMO (IDDETALLERITMO,MEDICION,IDRITMO) values (277,108,22);
Insert into ARQUI2.DETALLERITMO (IDDETALLERITMO,MEDICION,IDRITMO) values (278,100,22);
Insert into ARQUI2.DETALLERITMO (IDDETALLERITMO,MEDICION,IDRITMO) values (279,132,22);
Insert into ARQUI2.DETALLERITMO (IDDETALLERITMO,MEDICION,IDRITMO) values (280,132,22);
Insert into ARQUI2.DETALLERITMO (IDDETALLERITMO,MEDICION,IDRITMO) values (282,120,22);
Insert into ARQUI2.DETALLERITMO (IDDETALLERITMO,MEDICION,IDRITMO) values (283,132,22);
Insert into ARQUI2.DETALLERITMO (IDDETALLERITMO,MEDICION,IDRITMO) values (284,88,22);
Insert into ARQUI2.DETALLERITMO (IDDETALLERITMO,MEDICION,IDRITMO) values (285,149,22);
Insert into ARQUI2.DETALLERITMO (IDDETALLERITMO,MEDICION,IDRITMO) values (286,120,22);
Insert into ARQUI2.DETALLERITMO (IDDETALLERITMO,MEDICION,IDRITMO) values (287,149,22);
Insert into ARQUI2.DETALLERITMO (IDDETALLERITMO,MEDICION,IDRITMO) values (296,149,22);
Insert into ARQUI2.DETALLERITMO (IDDETALLERITMO,MEDICION,IDRITMO) values (297,132,22);
Insert into ARQUI2.DETALLERITMO (IDDETALLERITMO,MEDICION,IDRITMO) values (298,120,22);
Insert into ARQUI2.DETALLERITMO (IDDETALLERITMO,MEDICION,IDRITMO) values (299,120,22);
Insert into ARQUI2.DETALLERITMO (IDDETALLERITMO,MEDICION,IDRITMO) values (300,100,22);
Insert into ARQUI2.DETALLERITMO (IDDETALLERITMO,MEDICION,IDRITMO) values (301,88,22);
Insert into ARQUI2.DETALLERITMO (IDDETALLERITMO,MEDICION,IDRITMO) values (304,53,22);
Insert into ARQUI2.DETALLERITMO (IDDETALLERITMO,MEDICION,IDRITMO) values (305,100,22);
Insert into ARQUI2.DETALLERITMO (IDDETALLERITMO,MEDICION,IDRITMO) values (306,120,22);
Insert into ARQUI2.DETALLERITMO (IDDETALLERITMO,MEDICION,IDRITMO) values (307,100,22);
Insert into ARQUI2.DETALLERITMO (IDDETALLERITMO,MEDICION,IDRITMO) values (308,100,22);
Insert into ARQUI2.DETALLERITMO (IDDETALLERITMO,MEDICION,IDRITMO) values (309,92,22);
Insert into ARQUI2.DETALLERITMO (IDDETALLERITMO,MEDICION,IDRITMO) values (310,132,22);
Insert into ARQUI2.DETALLERITMO (IDDETALLERITMO,MEDICION,IDRITMO) values (311,171,22);
Insert into ARQUI2.DETALLERITMO (IDDETALLERITMO,MEDICION,IDRITMO) values (322,78,61);
Insert into ARQUI2.DETALLERITMO (IDDETALLERITMO,MEDICION,IDRITMO) values (330,93,61);
Insert into ARQUI2.DETALLERITMO (IDDETALLERITMO,MEDICION,IDRITMO) values (331,149,61);
Insert into ARQUI2.DETALLERITMO (IDDETALLERITMO,MEDICION,IDRITMO) values (339,149,61);
Insert into ARQUI2.DETALLERITMO (IDDETALLERITMO,MEDICION,IDRITMO) values (340,240,61);
Insert into ARQUI2.DETALLERITMO (IDDETALLERITMO,MEDICION,IDRITMO) values (350,171,61);
Insert into ARQUI2.DETALLERITMO (IDDETALLERITMO,MEDICION,IDRITMO) values (351,88,61);
Insert into ARQUI2.DETALLERITMO (IDDETALLERITMO,MEDICION,IDRITMO) values (352,51,61);
Insert into ARQUI2.DETALLERITMO (IDDETALLERITMO,MEDICION,IDRITMO) values (362,85,61);
Insert into ARQUI2.DETALLERITMO (IDDETALLERITMO,MEDICION,IDRITMO) values (364,108,61);
Insert into ARQUI2.DETALLERITMO (IDDETALLERITMO,MEDICION,IDRITMO) values (365,85,61);
Insert into ARQUI2.DETALLERITMO (IDDETALLERITMO,MEDICION,IDRITMO) values (366,55,61);
Insert into ARQUI2.DETALLERITMO (IDDETALLERITMO,MEDICION,IDRITMO) values (367,83,61);
Insert into ARQUI2.DETALLERITMO (IDDETALLERITMO,MEDICION,IDRITMO) values (368,132,61);
Insert into ARQUI2.DETALLERITMO (IDDETALLERITMO,MEDICION,IDRITMO) values (369,108,61);
Insert into ARQUI2.DETALLERITMO (IDDETALLERITMO,MEDICION,IDRITMO) values (376,35,61);
Insert into ARQUI2.DETALLERITMO (IDDETALLERITMO,MEDICION,IDRITMO) values (377,75,61);
Insert into ARQUI2.DETALLERITMO (IDDETALLERITMO,MEDICION,IDRITMO) values (385,85,61);
Insert into ARQUI2.DETALLERITMO (IDDETALLERITMO,MEDICION,IDRITMO) values (386,149,61);
Insert into ARQUI2.DETALLERITMO (IDDETALLERITMO,MEDICION,IDRITMO) values (393,93,61);
Insert into ARQUI2.DETALLERITMO (IDDETALLERITMO,MEDICION,IDRITMO) values (397,149,61);
Insert into ARQUI2.DETALLERITMO (IDDETALLERITMO,MEDICION,IDRITMO) values (398,132,61);
Insert into ARQUI2.DETALLERITMO (IDDETALLERITMO,MEDICION,IDRITMO) values (404,108,61);
Insert into ARQUI2.DETALLERITMO (IDDETALLERITMO,MEDICION,IDRITMO) values (408,200,61);
Insert into ARQUI2.DETALLERITMO (IDDETALLERITMO,MEDICION,IDRITMO) values (423,171,81);
Insert into ARQUI2.DETALLERITMO (IDDETALLERITMO,MEDICION,IDRITMO) values (424,240,81);
Insert into ARQUI2.DETALLERITMO (IDDETALLERITMO,MEDICION,IDRITMO) values (431,100,81);
Insert into ARQUI2.DETALLERITMO (IDDETALLERITMO,MEDICION,IDRITMO) values (432,75,81);
Insert into ARQUI2.DETALLERITMO (IDDETALLERITMO,MEDICION,IDRITMO) values (439,120,81);
Insert into ARQUI2.DETALLERITMO (IDDETALLERITMO,MEDICION,IDRITMO) values (440,100,81);
Insert into ARQUI2.DETALLERITMO (IDDETALLERITMO,MEDICION,IDRITMO) values (441,120,81);
Insert into ARQUI2.DETALLERITMO (IDDETALLERITMO,MEDICION,IDRITMO) values (448,108,81);
Insert into ARQUI2.DETALLERITMO (IDDETALLERITMO,MEDICION,IDRITMO) values (449,120,81);
Insert into ARQUI2.DETALLERITMO (IDDETALLERITMO,MEDICION,IDRITMO) values (457,88,81);
Insert into ARQUI2.DETALLERITMO (IDDETALLERITMO,MEDICION,IDRITMO) values (458,120,81);
Insert into ARQUI2.DETALLERITMO (IDDETALLERITMO,MEDICION,IDRITMO) values (459,132,81);
Insert into ARQUI2.DETALLERITMO (IDDETALLERITMO,MEDICION,IDRITMO) values (512,93,121);
Insert into ARQUI2.DETALLERITMO (IDDETALLERITMO,MEDICION,IDRITMO) values (520,149,121);
Insert into ARQUI2.DETALLERITMO (IDDETALLERITMO,MEDICION,IDRITMO) values (527,92,121);
Insert into ARQUI2.DETALLERITMO (IDDETALLERITMO,MEDICION,IDRITMO) values (528,132,121);
Insert into ARQUI2.DETALLERITMO (IDDETALLERITMO,MEDICION,IDRITMO) values (222,200,21);
Insert into ARQUI2.DETALLERITMO (IDDETALLERITMO,MEDICION,IDRITMO) values (223,171,21);
Insert into ARQUI2.DETALLERITMO (IDDETALLERITMO,MEDICION,IDRITMO) values (224,132,21);
Insert into ARQUI2.DETALLERITMO (IDDETALLERITMO,MEDICION,IDRITMO) values (225,149,21);
Insert into ARQUI2.DETALLERITMO (IDDETALLERITMO,MEDICION,IDRITMO) values (226,149,21);
Insert into ARQUI2.DETALLERITMO (IDDETALLERITMO,MEDICION,IDRITMO) values (227,100,21);
Insert into ARQUI2.DETALLERITMO (IDDETALLERITMO,MEDICION,IDRITMO) values (228,88,21);
Insert into ARQUI2.DETALLERITMO (IDDETALLERITMO,MEDICION,IDRITMO) values (229,65,21);
Insert into ARQUI2.DETALLERITMO (IDDETALLERITMO,MEDICION,IDRITMO) values (230,132,21);
Insert into ARQUI2.DETALLERITMO (IDDETALLERITMO,MEDICION,IDRITMO) values (231,92,21);
Insert into ARQUI2.DETALLERITMO (IDDETALLERITMO,MEDICION,IDRITMO) values (232,92,21);
Insert into ARQUI2.DETALLERITMO (IDDETALLERITMO,MEDICION,IDRITMO) values (233,132,21);
Insert into ARQUI2.DETALLERITMO (IDDETALLERITMO,MEDICION,IDRITMO) values (235,68,21);
Insert into ARQUI2.DETALLERITMO (IDDETALLERITMO,MEDICION,IDRITMO) values (236,60,21);
Insert into ARQUI2.DETALLERITMO (IDDETALLERITMO,MEDICION,IDRITMO) values (237,100,21);
Insert into ARQUI2.DETALLERITMO (IDDETALLERITMO,MEDICION,IDRITMO) values (238,100,21);
Insert into ARQUI2.DETALLERITMO (IDDETALLERITMO,MEDICION,IDRITMO) values (243,171,21);
Insert into ARQUI2.DETALLERITMO (IDDETALLERITMO,MEDICION,IDRITMO) values (244,83,21);
Insert into ARQUI2.DETALLERITMO (IDDETALLERITMO,MEDICION,IDRITMO) values (255,171,22);
Insert into ARQUI2.DETALLERITMO (IDDETALLERITMO,MEDICION,IDRITMO) values (256,149,22);
Insert into ARQUI2.DETALLERITMO (IDDETALLERITMO,MEDICION,IDRITMO) values (263,200,22);
Insert into ARQUI2.DETALLERITMO (IDDETALLERITMO,MEDICION,IDRITMO) values (264,83,22);
Insert into ARQUI2.DETALLERITMO (IDDETALLERITMO,MEDICION,IDRITMO) values (265,120,22);
Insert into ARQUI2.DETALLERITMO (IDDETALLERITMO,MEDICION,IDRITMO) values (272,88,22);
Insert into ARQUI2.DETALLERITMO (IDDETALLERITMO,MEDICION,IDRITMO) values (273,108,22);
Insert into ARQUI2.DETALLERITMO (IDDETALLERITMO,MEDICION,IDRITMO) values (281,200,22);
Insert into ARQUI2.DETALLERITMO (IDDETALLERITMO,MEDICION,IDRITMO) values (288,200,22);
Insert into ARQUI2.DETALLERITMO (IDDETALLERITMO,MEDICION,IDRITMO) values (289,120,22);
Insert into ARQUI2.DETALLERITMO (IDDETALLERITMO,MEDICION,IDRITMO) values (290,200,22);
Insert into ARQUI2.DETALLERITMO (IDDETALLERITMO,MEDICION,IDRITMO) values (291,240,22);
Insert into ARQUI2.DETALLERITMO (IDDETALLERITMO,MEDICION,IDRITMO) values (292,85,22);
Insert into ARQUI2.DETALLERITMO (IDDETALLERITMO,MEDICION,IDRITMO) values (293,149,22);
Insert into ARQUI2.DETALLERITMO (IDDETALLERITMO,MEDICION,IDRITMO) values (294,100,22);
Insert into ARQUI2.DETALLERITMO (IDDETALLERITMO,MEDICION,IDRITMO) values (295,85,22);
Insert into ARQUI2.DETALLERITMO (IDDETALLERITMO,MEDICION,IDRITMO) values (302,120,22);
Insert into ARQUI2.DETALLERITMO (IDDETALLERITMO,MEDICION,IDRITMO) values (303,120,22);
Insert into ARQUI2.DETALLERITMO (IDDETALLERITMO,MEDICION,IDRITMO) values (312,149,22);
Insert into ARQUI2.DETALLERITMO (IDDETALLERITMO,MEDICION,IDRITMO) values (407,92,61);
Insert into ARQUI2.DETALLERITMO (IDDETALLERITMO,MEDICION,IDRITMO) values (462,149,81);
Insert into ARQUI2.DETALLERITMO (IDDETALLERITMO,MEDICION,IDRITMO) values (463,149,81);
Insert into ARQUI2.DETALLERITMO (IDDETALLERITMO,MEDICION,IDRITMO) values (464,100,81);
Insert into ARQUI2.DETALLERITMO (IDDETALLERITMO,MEDICION,IDRITMO) values (465,60,81);
Insert into ARQUI2.DETALLERITMO (IDDETALLERITMO,MEDICION,IDRITMO) values (466,85,81);
Insert into ARQUI2.DETALLERITMO (IDDETALLERITMO,MEDICION,IDRITMO) values (185,171,20);
Insert into ARQUI2.DETALLERITMO (IDDETALLERITMO,MEDICION,IDRITMO) values (363,149,61);
Insert into ARQUI2.DETALLERITMO (IDDETALLERITMO,MEDICION,IDRITMO) values (381,100,61);
Insert into ARQUI2.DETALLERITMO (IDDETALLERITMO,MEDICION,IDRITMO) values (382,132,61);
Insert into ARQUI2.DETALLERITMO (IDDETALLERITMO,MEDICION,IDRITMO) values (383,92,61);
Insert into ARQUI2.DETALLERITMO (IDDETALLERITMO,MEDICION,IDRITMO) values (384,108,61);
Insert into ARQUI2.DETALLERITMO (IDDETALLERITMO,MEDICION,IDRITMO) values (387,132,61);
Insert into ARQUI2.DETALLERITMO (IDDETALLERITMO,MEDICION,IDRITMO) values (482,120,101);
Insert into ARQUI2.DETALLERITMO (IDDETALLERITMO,MEDICION,IDRITMO) values (483,108,101);
Insert into ARQUI2.DETALLERITMO (IDDETALLERITMO,MEDICION,IDRITMO) values (501,50,121);
Insert into ARQUI2.DETALLERITMO (IDDETALLERITMO,MEDICION,IDRITMO) values (505,120,121);
Insert into ARQUI2.DETALLERITMO (IDDETALLERITMO,MEDICION,IDRITMO) values (506,108,121);
Insert into ARQUI2.DETALLERITMO (IDDETALLERITMO,MEDICION,IDRITMO) values (507,132,121);
Insert into ARQUI2.DETALLERITMO (IDDETALLERITMO,MEDICION,IDRITMO) values (508,132,121);
Insert into ARQUI2.DETALLERITMO (IDDETALLERITMO,MEDICION,IDRITMO) values (509,132,121);
Insert into ARQUI2.DETALLERITMO (IDDETALLERITMO,MEDICION,IDRITMO) values (510,132,121);
Insert into ARQUI2.DETALLERITMO (IDDETALLERITMO,MEDICION,IDRITMO) values (20,99,17);
Insert into ARQUI2.DETALLERITMO (IDDETALLERITMO,MEDICION,IDRITMO) values (24,85,18);
Insert into ARQUI2.DETALLERITMO (IDDETALLERITMO,MEDICION,IDRITMO) values (25,86,18);
Insert into ARQUI2.DETALLERITMO (IDDETALLERITMO,MEDICION,IDRITMO) values (26,87,18);
Insert into ARQUI2.DETALLERITMO (IDDETALLERITMO,MEDICION,IDRITMO) values (27,88,18);
Insert into ARQUI2.DETALLERITMO (IDDETALLERITMO,MEDICION,IDRITMO) values (28,89,18);
Insert into ARQUI2.DETALLERITMO (IDDETALLERITMO,MEDICION,IDRITMO) values (50,111,18);
Insert into ARQUI2.DETALLERITMO (IDDETALLERITMO,MEDICION,IDRITMO) values (51,112,18);
Insert into ARQUI2.DETALLERITMO (IDDETALLERITMO,MEDICION,IDRITMO) values (52,113,18);
Insert into ARQUI2.DETALLERITMO (IDDETALLERITMO,MEDICION,IDRITMO) values (53,114,18);
Insert into ARQUI2.DETALLERITMO (IDDETALLERITMO,MEDICION,IDRITMO) values (54,115,18);
Insert into ARQUI2.DETALLERITMO (IDDETALLERITMO,MEDICION,IDRITMO) values (55,116,18);
Insert into ARQUI2.DETALLERITMO (IDDETALLERITMO,MEDICION,IDRITMO) values (56,117,18);
Insert into ARQUI2.DETALLERITMO (IDDETALLERITMO,MEDICION,IDRITMO) values (78,139,18);
Insert into ARQUI2.DETALLERITMO (IDDETALLERITMO,MEDICION,IDRITMO) values (79,140,18);
Insert into ARQUI2.DETALLERITMO (IDDETALLERITMO,MEDICION,IDRITMO) values (80,141,18);
Insert into ARQUI2.DETALLERITMO (IDDETALLERITMO,MEDICION,IDRITMO) values (81,142,18);
Insert into ARQUI2.DETALLERITMO (IDDETALLERITMO,MEDICION,IDRITMO) values (82,143,18);
Insert into ARQUI2.DETALLERITMO (IDDETALLERITMO,MEDICION,IDRITMO) values (83,144,18);
Insert into ARQUI2.DETALLERITMO (IDDETALLERITMO,MEDICION,IDRITMO) values (84,145,18);
Insert into ARQUI2.DETALLERITMO (IDDETALLERITMO,MEDICION,IDRITMO) values (107,168,18);
Insert into ARQUI2.DETALLERITMO (IDDETALLERITMO,MEDICION,IDRITMO) values (108,169,18);
Insert into ARQUI2.DETALLERITMO (IDDETALLERITMO,MEDICION,IDRITMO) values (109,170,18);
Insert into ARQUI2.DETALLERITMO (IDDETALLERITMO,MEDICION,IDRITMO) values (110,171,18);
Insert into ARQUI2.DETALLERITMO (IDDETALLERITMO,MEDICION,IDRITMO) values (111,172,18);
Insert into ARQUI2.DETALLERITMO (IDDETALLERITMO,MEDICION,IDRITMO) values (112,173,18);
Insert into ARQUI2.DETALLERITMO (IDDETALLERITMO,MEDICION,IDRITMO) values (132,118,20);
Insert into ARQUI2.DETALLERITMO (IDDETALLERITMO,MEDICION,IDRITMO) values (133,119,20);
Insert into ARQUI2.DETALLERITMO (IDDETALLERITMO,MEDICION,IDRITMO) values (134,120,20);
Insert into ARQUI2.DETALLERITMO (IDDETALLERITMO,MEDICION,IDRITMO) values (136,122,20);
Insert into ARQUI2.DETALLERITMO (IDDETALLERITMO,MEDICION,IDRITMO) values (137,123,20);
Insert into ARQUI2.DETALLERITMO (IDDETALLERITMO,MEDICION,IDRITMO) values (138,124,20);
Insert into ARQUI2.DETALLERITMO (IDDETALLERITMO,MEDICION,IDRITMO) values (160,146,20);
Insert into ARQUI2.DETALLERITMO (IDDETALLERITMO,MEDICION,IDRITMO) values (161,147,20);
Insert into ARQUI2.DETALLERITMO (IDDETALLERITMO,MEDICION,IDRITMO) values (162,148,20);
Insert into ARQUI2.DETALLERITMO (IDDETALLERITMO,MEDICION,IDRITMO) values (163,149,20);
Insert into ARQUI2.DETALLERITMO (IDDETALLERITMO,MEDICION,IDRITMO) values (164,150,20);
Insert into ARQUI2.DETALLERITMO (IDDETALLERITMO,MEDICION,IDRITMO) values (165,151,20);
Insert into ARQUI2.DETALLERITMO (IDDETALLERITMO,MEDICION,IDRITMO) values (166,152,20);
Insert into ARQUI2.DETALLERITMO (IDDETALLERITMO,MEDICION,IDRITMO) values (188,174,20);
Insert into ARQUI2.DETALLERITMO (IDDETALLERITMO,MEDICION,IDRITMO) values (189,175,20);
Insert into ARQUI2.DETALLERITMO (IDDETALLERITMO,MEDICION,IDRITMO) values (190,176,20);
Insert into ARQUI2.DETALLERITMO (IDDETALLERITMO,MEDICION,IDRITMO) values (191,177,20);
Insert into ARQUI2.DETALLERITMO (IDDETALLERITMO,MEDICION,IDRITMO) values (248,149,22);
Insert into ARQUI2.DETALLERITMO (IDDETALLERITMO,MEDICION,IDRITMO) values (249,171,22);
Insert into ARQUI2.DETALLERITMO (IDDETALLERITMO,MEDICION,IDRITMO) values (262,171,22);
Insert into ARQUI2.DETALLERITMO (IDDETALLERITMO,MEDICION,IDRITMO) values (421,132,81);
Insert into ARQUI2.DETALLERITMO (IDDETALLERITMO,MEDICION,IDRITMO) values (422,149,81);
Insert into ARQUI2.DETALLERITMO (IDDETALLERITMO,MEDICION,IDRITMO) values (425,51,81);
Insert into ARQUI2.DETALLERITMO (IDDETALLERITMO,MEDICION,IDRITMO) values (426,171,81);
Insert into ARQUI2.DETALLERITMO (IDDETALLERITMO,MEDICION,IDRITMO) values (427,200,81);
Insert into ARQUI2.DETALLERITMO (IDDETALLERITMO,MEDICION,IDRITMO) values (428,200,81);
Insert into ARQUI2.DETALLERITMO (IDDETALLERITMO,MEDICION,IDRITMO) values (429,149,81);
Insert into ARQUI2.DETALLERITMO (IDDETALLERITMO,MEDICION,IDRITMO) values (430,171,81);
Insert into ARQUI2.DETALLERITMO (IDDETALLERITMO,MEDICION,IDRITMO) values (433,108,81);
Insert into ARQUI2.DETALLERITMO (IDDETALLERITMO,MEDICION,IDRITMO) values (434,50,81);
Insert into ARQUI2.DETALLERITMO (IDDETALLERITMO,MEDICION,IDRITMO) values (435,60,81);
Insert into ARQUI2.DETALLERITMO (IDDETALLERITMO,MEDICION,IDRITMO) values (436,120,81);
Insert into ARQUI2.DETALLERITMO (IDDETALLERITMO,MEDICION,IDRITMO) values (437,92,81);
Insert into ARQUI2.DETALLERITMO (IDDETALLERITMO,MEDICION,IDRITMO) values (438,100,81);
Insert into ARQUI2.DETALLERITMO (IDDETALLERITMO,MEDICION,IDRITMO) values (442,93,81);
Insert into ARQUI2.DETALLERITMO (IDDETALLERITMO,MEDICION,IDRITMO) values (443,50,81);
Insert into ARQUI2.DETALLERITMO (IDDETALLERITMO,MEDICION,IDRITMO) values (444,120,81);
Insert into ARQUI2.DETALLERITMO (IDDETALLERITMO,MEDICION,IDRITMO) values (445,92,81);
Insert into ARQUI2.DETALLERITMO (IDDETALLERITMO,MEDICION,IDRITMO) values (446,92,81);
Insert into ARQUI2.DETALLERITMO (IDDETALLERITMO,MEDICION,IDRITMO) values (447,100,81);
Insert into ARQUI2.DETALLERITMO (IDDETALLERITMO,MEDICION,IDRITMO) values (450,120,81);
Insert into ARQUI2.DETALLERITMO (IDDETALLERITMO,MEDICION,IDRITMO) values (451,100,81);
Insert into ARQUI2.DETALLERITMO (IDDETALLERITMO,MEDICION,IDRITMO) values (452,120,81);
Insert into ARQUI2.DETALLERITMO (IDDETALLERITMO,MEDICION,IDRITMO) values (453,100,81);
Insert into ARQUI2.DETALLERITMO (IDDETALLERITMO,MEDICION,IDRITMO) values (454,78,81);
Insert into ARQUI2.DETALLERITMO (IDDETALLERITMO,MEDICION,IDRITMO) values (455,75,81);
Insert into ARQUI2.DETALLERITMO (IDDETALLERITMO,MEDICION,IDRITMO) values (456,108,81);
Insert into ARQUI2.DETALLERITMO (IDDETALLERITMO,MEDICION,IDRITMO) values (460,85,81);
Insert into ARQUI2.DETALLERITMO (IDDETALLERITMO,MEDICION,IDRITMO) values (461,200,81);
Insert into ARQUI2.DETALLERITMO (IDDETALLERITMO,MEDICION,IDRITMO) values (481,108,101);
Insert into ARQUI2.DETALLERITMO (IDDETALLERITMO,MEDICION,IDRITMO) values (484,75,101);
Insert into ARQUI2.DETALLERITMO (IDDETALLERITMO,MEDICION,IDRITMO) values (485,88,101);
Insert into ARQUI2.DETALLERITMO (IDDETALLERITMO,MEDICION,IDRITMO) values (486,132,101);
Insert into ARQUI2.DETALLERITMO (IDDETALLERITMO,MEDICION,IDRITMO) values (487,120,101);
Insert into ARQUI2.DETALLERITMO (IDDETALLERITMO,MEDICION,IDRITMO) values (502,132,121);
Insert into ARQUI2.DETALLERITMO (IDDETALLERITMO,MEDICION,IDRITMO) values (503,92,121);
Insert into ARQUI2.DETALLERITMO (IDDETALLERITMO,MEDICION,IDRITMO) values (504,132,121);
Insert into ARQUI2.DETALLERITMO (IDDETALLERITMO,MEDICION,IDRITMO) values (511,93,121);
Insert into ARQUI2.DETALLERITMO (IDDETALLERITMO,MEDICION,IDRITMO) values (513,108,121);
Insert into ARQUI2.DETALLERITMO (IDDETALLERITMO,MEDICION,IDRITMO) values (514,149,121);
Insert into ARQUI2.DETALLERITMO (IDDETALLERITMO,MEDICION,IDRITMO) values (515,132,121);
Insert into ARQUI2.DETALLERITMO (IDDETALLERITMO,MEDICION,IDRITMO) values (516,149,121);
Insert into ARQUI2.DETALLERITMO (IDDETALLERITMO,MEDICION,IDRITMO) values (517,149,121);
Insert into ARQUI2.DETALLERITMO (IDDETALLERITMO,MEDICION,IDRITMO) values (518,171,121);
Insert into ARQUI2.DETALLERITMO (IDDETALLERITMO,MEDICION,IDRITMO) values (519,71,121);
Insert into ARQUI2.DETALLERITMO (IDDETALLERITMO,MEDICION,IDRITMO) values (521,240,121);
Insert into ARQUI2.DETALLERITMO (IDDETALLERITMO,MEDICION,IDRITMO) values (522,200,121);
Insert into ARQUI2.DETALLERITMO (IDDETALLERITMO,MEDICION,IDRITMO) values (523,149,121);
Insert into ARQUI2.DETALLERITMO (IDDETALLERITMO,MEDICION,IDRITMO) values (524,200,121);
Insert into ARQUI2.DETALLERITMO (IDDETALLERITMO,MEDICION,IDRITMO) values (525,171,121);
Insert into ARQUI2.DETALLERITMO (IDDETALLERITMO,MEDICION,IDRITMO) values (526,132,121);
Insert into ARQUI2.DETALLERITMO (IDDETALLERITMO,MEDICION,IDRITMO) values (529,149,121);
Insert into ARQUI2.DETALLERITMO (IDDETALLERITMO,MEDICION,IDRITMO) values (530,132,121);
Insert into ARQUI2.DETALLERITMO (IDDETALLERITMO,MEDICION,IDRITMO) values (531,85,121);
REM INSERTING into ARQUI2.DETALLETEMPERATURA
SET DEFINE OFF;
Insert into ARQUI2.DETALLETEMPERATURA (IDDETALLETEMPERATURA,MEDICION,IDTEMPERATURA) values (62,25.88,61);
Insert into ARQUI2.DETALLETEMPERATURA (IDDETALLETEMPERATURA,MEDICION,IDTEMPERATURA) values (63,21.48,61);
Insert into ARQUI2.DETALLETEMPERATURA (IDDETALLETEMPERATURA,MEDICION,IDTEMPERATURA) values (64,34.67,61);
Insert into ARQUI2.DETALLETEMPERATURA (IDDETALLETEMPERATURA,MEDICION,IDTEMPERATURA) values (65,14.16,61);
Insert into ARQUI2.DETALLETEMPERATURA (IDDETALLETEMPERATURA,MEDICION,IDTEMPERATURA) values (66,18.55,61);
Insert into ARQUI2.DETALLETEMPERATURA (IDDETALLETEMPERATURA,MEDICION,IDTEMPERATURA) values (67,8.79,61);
Insert into ARQUI2.DETALLETEMPERATURA (IDDETALLETEMPERATURA,MEDICION,IDTEMPERATURA) values (70,36.62,61);
Insert into ARQUI2.DETALLETEMPERATURA (IDDETALLETEMPERATURA,MEDICION,IDTEMPERATURA) values (71,29.3,61);
Insert into ARQUI2.DETALLETEMPERATURA (IDDETALLETEMPERATURA,MEDICION,IDTEMPERATURA) values (72,19.53,61);
Insert into ARQUI2.DETALLETEMPERATURA (IDDETALLETEMPERATURA,MEDICION,IDTEMPERATURA) values (73,30.76,61);
Insert into ARQUI2.DETALLETEMPERATURA (IDDETALLETEMPERATURA,MEDICION,IDTEMPERATURA) values (74,35.64,61);
Insert into ARQUI2.DETALLETEMPERATURA (IDDETALLETEMPERATURA,MEDICION,IDTEMPERATURA) values (75,5.86,61);
Insert into ARQUI2.DETALLETEMPERATURA (IDDETALLETEMPERATURA,MEDICION,IDTEMPERATURA) values (79,32.23,61);
Insert into ARQUI2.DETALLETEMPERATURA (IDDETALLETEMPERATURA,MEDICION,IDTEMPERATURA) values (80,12.21,61);
Insert into ARQUI2.DETALLETEMPERATURA (IDDETALLETEMPERATURA,MEDICION,IDTEMPERATURA) values (82,13.67,61);
Insert into ARQUI2.DETALLETEMPERATURA (IDDETALLETEMPERATURA,MEDICION,IDTEMPERATURA) values (83,12.7,61);
Insert into ARQUI2.DETALLETEMPERATURA (IDDETALLETEMPERATURA,MEDICION,IDTEMPERATURA) values (96,24.9,61);
Insert into ARQUI2.DETALLETEMPERATURA (IDDETALLETEMPERATURA,MEDICION,IDTEMPERATURA) values (97,9.77,61);
Insert into ARQUI2.DETALLETEMPERATURA (IDDETALLETEMPERATURA,MEDICION,IDTEMPERATURA) values (98,15.14,61);
Insert into ARQUI2.DETALLETEMPERATURA (IDDETALLETEMPERATURA,MEDICION,IDTEMPERATURA) values (99,14.16,61);
Insert into ARQUI2.DETALLETEMPERATURA (IDDETALLETEMPERATURA,MEDICION,IDTEMPERATURA) values (100,22.46,61);
Insert into ARQUI2.DETALLETEMPERATURA (IDDETALLETEMPERATURA,MEDICION,IDTEMPERATURA) values (101,16.6,61);
Insert into ARQUI2.DETALLETEMPERATURA (IDDETALLETEMPERATURA,MEDICION,IDTEMPERATURA) values (102,5.86,61);
Insert into ARQUI2.DETALLETEMPERATURA (IDDETALLETEMPERATURA,MEDICION,IDTEMPERATURA) values (105,0.49,61);
Insert into ARQUI2.DETALLETEMPERATURA (IDDETALLETEMPERATURA,MEDICION,IDTEMPERATURA) values (113,13.18,61);
Insert into ARQUI2.DETALLETEMPERATURA (IDDETALLETEMPERATURA,MEDICION,IDTEMPERATURA) values (114,28.32,61);
Insert into ARQUI2.DETALLETEMPERATURA (IDDETALLETEMPERATURA,MEDICION,IDTEMPERATURA) values (115,38.09,61);
Insert into ARQUI2.DETALLETEMPERATURA (IDDETALLETEMPERATURA,MEDICION,IDTEMPERATURA) values (116,9.77,61);
Insert into ARQUI2.DETALLETEMPERATURA (IDDETALLETEMPERATURA,MEDICION,IDTEMPERATURA) values (117,18.55,61);
Insert into ARQUI2.DETALLETEMPERATURA (IDDETALLETEMPERATURA,MEDICION,IDTEMPERATURA) values (121,34.18,61);
Insert into ARQUI2.DETALLETEMPERATURA (IDDETALLETEMPERATURA,MEDICION,IDTEMPERATURA) values (122,36.13,61);
Insert into ARQUI2.DETALLETEMPERATURA (IDDETALLETEMPERATURA,MEDICION,IDTEMPERATURA) values (123,41.02,61);
Insert into ARQUI2.DETALLETEMPERATURA (IDDETALLETEMPERATURA,MEDICION,IDTEMPERATURA) values (124,39.55,61);
Insert into ARQUI2.DETALLETEMPERATURA (IDDETALLETEMPERATURA,MEDICION,IDTEMPERATURA) values (125,38.57,61);
Insert into ARQUI2.DETALLETEMPERATURA (IDDETALLETEMPERATURA,MEDICION,IDTEMPERATURA) values (126,40.04,61);
Insert into ARQUI2.DETALLETEMPERATURA (IDDETALLETEMPERATURA,MEDICION,IDTEMPERATURA) values (127,35.64,61);
Insert into ARQUI2.DETALLETEMPERATURA (IDDETALLETEMPERATURA,MEDICION,IDTEMPERATURA) values (128,24.9,61);
Insert into ARQUI2.DETALLETEMPERATURA (IDDETALLETEMPERATURA,MEDICION,IDTEMPERATURA) values (129,31.25,61);
Insert into ARQUI2.DETALLETEMPERATURA (IDDETALLETEMPERATURA,MEDICION,IDTEMPERATURA) values (132,8.79,61);
Insert into ARQUI2.DETALLETEMPERATURA (IDDETALLETEMPERATURA,MEDICION,IDTEMPERATURA) values (133,18.55,61);
Insert into ARQUI2.DETALLETEMPERATURA (IDDETALLETEMPERATURA,MEDICION,IDTEMPERATURA) values (134,36.62,61);
Insert into ARQUI2.DETALLETEMPERATURA (IDDETALLETEMPERATURA,MEDICION,IDTEMPERATURA) values (135,39.06,61);
Insert into ARQUI2.DETALLETEMPERATURA (IDDETALLETEMPERATURA,MEDICION,IDTEMPERATURA) values (136,41.5,61);
Insert into ARQUI2.DETALLETEMPERATURA (IDDETALLETEMPERATURA,MEDICION,IDTEMPERATURA) values (137,2.93,61);
Insert into ARQUI2.DETALLETEMPERATURA (IDDETALLETEMPERATURA,MEDICION,IDTEMPERATURA) values (138,7.81,61);
Insert into ARQUI2.DETALLETEMPERATURA (IDDETALLETEMPERATURA,MEDICION,IDTEMPERATURA) values (141,7.32,61);
Insert into ARQUI2.DETALLETEMPERATURA (IDDETALLETEMPERATURA,MEDICION,IDTEMPERATURA) values (142,37.6,61);
Insert into ARQUI2.DETALLETEMPERATURA (IDDETALLETEMPERATURA,MEDICION,IDTEMPERATURA) values (143,36.62,61);
Insert into ARQUI2.DETALLETEMPERATURA (IDDETALLETEMPERATURA,MEDICION,IDTEMPERATURA) values (144,32.71,61);
Insert into ARQUI2.DETALLETEMPERATURA (IDDETALLETEMPERATURA,MEDICION,IDTEMPERATURA) values (22,38.09,22);
Insert into ARQUI2.DETALLETEMPERATURA (IDDETALLETEMPERATURA,MEDICION,IDTEMPERATURA) values (23,3.42,22);
Insert into ARQUI2.DETALLETEMPERATURA (IDDETALLETEMPERATURA,MEDICION,IDTEMPERATURA) values (24,40.53,22);
Insert into ARQUI2.DETALLETEMPERATURA (IDDETALLETEMPERATURA,MEDICION,IDTEMPERATURA) values (25,13.67,22);
Insert into ARQUI2.DETALLETEMPERATURA (IDDETALLETEMPERATURA,MEDICION,IDTEMPERATURA) values (26,6.35,22);
Insert into ARQUI2.DETALLETEMPERATURA (IDDETALLETEMPERATURA,MEDICION,IDTEMPERATURA) values (27,35.16,22);
Insert into ARQUI2.DETALLETEMPERATURA (IDDETALLETEMPERATURA,MEDICION,IDTEMPERATURA) values (28,29.79,22);
Insert into ARQUI2.DETALLETEMPERATURA (IDDETALLETEMPERATURA,MEDICION,IDTEMPERATURA) values (29,33.69,22);
Insert into ARQUI2.DETALLETEMPERATURA (IDDETALLETEMPERATURA,MEDICION,IDTEMPERATURA) values (30,36.13,22);
Insert into ARQUI2.DETALLETEMPERATURA (IDDETALLETEMPERATURA,MEDICION,IDTEMPERATURA) values (33,32.23,22);
Insert into ARQUI2.DETALLETEMPERATURA (IDDETALLETEMPERATURA,MEDICION,IDTEMPERATURA) values (34,35.16,22);
Insert into ARQUI2.DETALLETEMPERATURA (IDDETALLETEMPERATURA,MEDICION,IDTEMPERATURA) values (35,37.11,22);
Insert into ARQUI2.DETALLETEMPERATURA (IDDETALLETEMPERATURA,MEDICION,IDTEMPERATURA) values (36,23.93,22);
Insert into ARQUI2.DETALLETEMPERATURA (IDDETALLETEMPERATURA,MEDICION,IDTEMPERATURA) values (37,24.41,22);
Insert into ARQUI2.DETALLETEMPERATURA (IDDETALLETEMPERATURA,MEDICION,IDTEMPERATURA) values (42,32.71,22);
Insert into ARQUI2.DETALLETEMPERATURA (IDDETALLETEMPERATURA,MEDICION,IDTEMPERATURA) values (43,21.97,22);
Insert into ARQUI2.DETALLETEMPERATURA (IDDETALLETEMPERATURA,MEDICION,IDTEMPERATURA) values (44,27.34,22);
Insert into ARQUI2.DETALLETEMPERATURA (IDDETALLETEMPERATURA,MEDICION,IDTEMPERATURA) values (53,37.11,22);
Insert into ARQUI2.DETALLETEMPERATURA (IDDETALLETEMPERATURA,MEDICION,IDTEMPERATURA) values (54,0.98,22);
Insert into ARQUI2.DETALLETEMPERATURA (IDDETALLETEMPERATURA,MEDICION,IDTEMPERATURA) values (55,34.18,22);
Insert into ARQUI2.DETALLETEMPERATURA (IDDETALLETEMPERATURA,MEDICION,IDTEMPERATURA) values (56,7.32,22);
Insert into ARQUI2.DETALLETEMPERATURA (IDDETALLETEMPERATURA,MEDICION,IDTEMPERATURA) values (58,36.13,22);
Insert into ARQUI2.DETALLETEMPERATURA (IDDETALLETEMPERATURA,MEDICION,IDTEMPERATURA) values (61,35.16,61);
Insert into ARQUI2.DETALLETEMPERATURA (IDDETALLETEMPERATURA,MEDICION,IDTEMPERATURA) values (68,10.25,61);
Insert into ARQUI2.DETALLETEMPERATURA (IDDETALLETEMPERATURA,MEDICION,IDTEMPERATURA) values (69,14.16,61);
Insert into ARQUI2.DETALLETEMPERATURA (IDDETALLETEMPERATURA,MEDICION,IDTEMPERATURA) values (77,36.13,61);
Insert into ARQUI2.DETALLETEMPERATURA (IDDETALLETEMPERATURA,MEDICION,IDTEMPERATURA) values (78,31.74,61);
Insert into ARQUI2.DETALLETEMPERATURA (IDDETALLETEMPERATURA,MEDICION,IDTEMPERATURA) values (84,4.88,61);
Insert into ARQUI2.DETALLETEMPERATURA (IDDETALLETEMPERATURA,MEDICION,IDTEMPERATURA) values (85,24.9,61);
Insert into ARQUI2.DETALLETEMPERATURA (IDDETALLETEMPERATURA,MEDICION,IDTEMPERATURA) values (86,23.44,61);
Insert into ARQUI2.DETALLETEMPERATURA (IDDETALLETEMPERATURA,MEDICION,IDTEMPERATURA) values (88,37.6,61);
Insert into ARQUI2.DETALLETEMPERATURA (IDDETALLETEMPERATURA,MEDICION,IDTEMPERATURA) values (89,32.71,61);
Insert into ARQUI2.DETALLETEMPERATURA (IDDETALLETEMPERATURA,MEDICION,IDTEMPERATURA) values (90,37.11,61);
Insert into ARQUI2.DETALLETEMPERATURA (IDDETALLETEMPERATURA,MEDICION,IDTEMPERATURA) values (91,34.67,61);
Insert into ARQUI2.DETALLETEMPERATURA (IDDETALLETEMPERATURA,MEDICION,IDTEMPERATURA) values (92,22.95,61);
Insert into ARQUI2.DETALLETEMPERATURA (IDDETALLETEMPERATURA,MEDICION,IDTEMPERATURA) values (93,37.11,61);
Insert into ARQUI2.DETALLETEMPERATURA (IDDETALLETEMPERATURA,MEDICION,IDTEMPERATURA) values (94,36.62,61);
Insert into ARQUI2.DETALLETEMPERATURA (IDDETALLETEMPERATURA,MEDICION,IDTEMPERATURA) values (95,33.2,61);
Insert into ARQUI2.DETALLETEMPERATURA (IDDETALLETEMPERATURA,MEDICION,IDTEMPERATURA) values (103,10.74,61);
Insert into ARQUI2.DETALLETEMPERATURA (IDDETALLETEMPERATURA,MEDICION,IDTEMPERATURA) values (104,10.25,61);
Insert into ARQUI2.DETALLETEMPERATURA (IDDETALLETEMPERATURA,MEDICION,IDTEMPERATURA) values (110,11.72,61);
Insert into ARQUI2.DETALLETEMPERATURA (IDDETALLETEMPERATURA,MEDICION,IDTEMPERATURA) values (118,3.91,61);
Insert into ARQUI2.DETALLETEMPERATURA (IDDETALLETEMPERATURA,MEDICION,IDTEMPERATURA) values (119,10.74,61);
Insert into ARQUI2.DETALLETEMPERATURA (IDDETALLETEMPERATURA,MEDICION,IDTEMPERATURA) values (120,29.3,61);
Insert into ARQUI2.DETALLETEMPERATURA (IDDETALLETEMPERATURA,MEDICION,IDTEMPERATURA) values (130,17.58,61);
Insert into ARQUI2.DETALLETEMPERATURA (IDDETALLETEMPERATURA,MEDICION,IDTEMPERATURA) values (131,10.25,61);
Insert into ARQUI2.DETALLETEMPERATURA (IDDETALLETEMPERATURA,MEDICION,IDTEMPERATURA) values (139,14.16,61);
Insert into ARQUI2.DETALLETEMPERATURA (IDDETALLETEMPERATURA,MEDICION,IDTEMPERATURA) values (140,32.71,61);
Insert into ARQUI2.DETALLETEMPERATURA (IDDETALLETEMPERATURA,MEDICION,IDTEMPERATURA) values (146,13.18,61);
Insert into ARQUI2.DETALLETEMPERATURA (IDDETALLETEMPERATURA,MEDICION,IDTEMPERATURA) values (147,38.57,61);
Insert into ARQUI2.DETALLETEMPERATURA (IDDETALLETEMPERATURA,MEDICION,IDTEMPERATURA) values (163,27.34,81);
Insert into ARQUI2.DETALLETEMPERATURA (IDDETALLETEMPERATURA,MEDICION,IDTEMPERATURA) values (164,27.34,81);
Insert into ARQUI2.DETALLETEMPERATURA (IDDETALLETEMPERATURA,MEDICION,IDTEMPERATURA) values (169,27.34,81);
Insert into ARQUI2.DETALLETEMPERATURA (IDDETALLETEMPERATURA,MEDICION,IDTEMPERATURA) values (172,26.86,81);
Insert into ARQUI2.DETALLETEMPERATURA (IDDETALLETEMPERATURA,MEDICION,IDTEMPERATURA) values (173,26.86,81);
Insert into ARQUI2.DETALLETEMPERATURA (IDDETALLETEMPERATURA,MEDICION,IDTEMPERATURA) values (180,27.34,81);
Insert into ARQUI2.DETALLETEMPERATURA (IDDETALLETEMPERATURA,MEDICION,IDTEMPERATURA) values (181,27.34,81);
Insert into ARQUI2.DETALLETEMPERATURA (IDDETALLETEMPERATURA,MEDICION,IDTEMPERATURA) values (188,27.83,81);
Insert into ARQUI2.DETALLETEMPERATURA (IDDETALLETEMPERATURA,MEDICION,IDTEMPERATURA) values (189,26.86,81);
Insert into ARQUI2.DETALLETEMPERATURA (IDDETALLETEMPERATURA,MEDICION,IDTEMPERATURA) values (197,26.86,81);
Insert into ARQUI2.DETALLETEMPERATURA (IDDETALLETEMPERATURA,MEDICION,IDTEMPERATURA) values (199,27.34,81);
Insert into ARQUI2.DETALLETEMPERATURA (IDDETALLETEMPERATURA,MEDICION,IDTEMPERATURA) values (252,26.37,121);
Insert into ARQUI2.DETALLETEMPERATURA (IDDETALLETEMPERATURA,MEDICION,IDTEMPERATURA) values (259,24.41,121);
Insert into ARQUI2.DETALLETEMPERATURA (IDDETALLETEMPERATURA,MEDICION,IDTEMPERATURA) values (260,25.88,121);
Insert into ARQUI2.DETALLETEMPERATURA (IDDETALLETEMPERATURA,MEDICION,IDTEMPERATURA) values (261,25.88,121);
Insert into ARQUI2.DETALLETEMPERATURA (IDDETALLETEMPERATURA,MEDICION,IDTEMPERATURA) values (268,25.39,121);
Insert into ARQUI2.DETALLETEMPERATURA (IDDETALLETEMPERATURA,MEDICION,IDTEMPERATURA) values (269,24.9,121);
Insert into ARQUI2.DETALLETEMPERATURA (IDDETALLETEMPERATURA,MEDICION,IDTEMPERATURA) values (31,0.98,22);
Insert into ARQUI2.DETALLETEMPERATURA (IDDETALLETEMPERATURA,MEDICION,IDTEMPERATURA) values (32,25.88,22);
Insert into ARQUI2.DETALLETEMPERATURA (IDDETALLETEMPERATURA,MEDICION,IDTEMPERATURA) values (38,33.2,22);
Insert into ARQUI2.DETALLETEMPERATURA (IDDETALLETEMPERATURA,MEDICION,IDTEMPERATURA) values (39,37.11,22);
Insert into ARQUI2.DETALLETEMPERATURA (IDDETALLETEMPERATURA,MEDICION,IDTEMPERATURA) values (40,36.13,22);
Insert into ARQUI2.DETALLETEMPERATURA (IDDETALLETEMPERATURA,MEDICION,IDTEMPERATURA) values (45,29.79,22);
Insert into ARQUI2.DETALLETEMPERATURA (IDDETALLETEMPERATURA,MEDICION,IDTEMPERATURA) values (46,21,22);
Insert into ARQUI2.DETALLETEMPERATURA (IDDETALLETEMPERATURA,MEDICION,IDTEMPERATURA) values (47,29.79,22);
Insert into ARQUI2.DETALLETEMPERATURA (IDDETALLETEMPERATURA,MEDICION,IDTEMPERATURA) values (48,31.25,22);
Insert into ARQUI2.DETALLETEMPERATURA (IDDETALLETEMPERATURA,MEDICION,IDTEMPERATURA) values (49,31.74,22);
Insert into ARQUI2.DETALLETEMPERATURA (IDDETALLETEMPERATURA,MEDICION,IDTEMPERATURA) values (50,33.69,22);
Insert into ARQUI2.DETALLETEMPERATURA (IDDETALLETEMPERATURA,MEDICION,IDTEMPERATURA) values (51,39.55,22);
Insert into ARQUI2.DETALLETEMPERATURA (IDDETALLETEMPERATURA,MEDICION,IDTEMPERATURA) values (52,38.09,22);
Insert into ARQUI2.DETALLETEMPERATURA (IDDETALLETEMPERATURA,MEDICION,IDTEMPERATURA) values (57,9.28,22);
Insert into ARQUI2.DETALLETEMPERATURA (IDDETALLETEMPERATURA,MEDICION,IDTEMPERATURA) values (59,12.7,22);
Insert into ARQUI2.DETALLETEMPERATURA (IDDETALLETEMPERATURA,MEDICION,IDTEMPERATURA) values (145,38.57,61);
Insert into ARQUI2.DETALLETEMPERATURA (IDDETALLETEMPERATURA,MEDICION,IDTEMPERATURA) values (148,39.55,61);
Insert into ARQUI2.DETALLETEMPERATURA (IDDETALLETEMPERATURA,MEDICION,IDTEMPERATURA) values (149,34.67,61);
Insert into ARQUI2.DETALLETEMPERATURA (IDDETALLETEMPERATURA,MEDICION,IDTEMPERATURA) values (150,25.88,61);
Insert into ARQUI2.DETALLETEMPERATURA (IDDETALLETEMPERATURA,MEDICION,IDTEMPERATURA) values (151,0.49,61);
Insert into ARQUI2.DETALLETEMPERATURA (IDDETALLETEMPERATURA,MEDICION,IDTEMPERATURA) values (201,27.34,81);
Insert into ARQUI2.DETALLETEMPERATURA (IDDETALLETEMPERATURA,MEDICION,IDTEMPERATURA) values (202,27.34,81);
Insert into ARQUI2.DETALLETEMPERATURA (IDDETALLETEMPERATURA,MEDICION,IDTEMPERATURA) values (203,27.83,81);
Insert into ARQUI2.DETALLETEMPERATURA (IDDETALLETEMPERATURA,MEDICION,IDTEMPERATURA) values (204,27.83,81);
Insert into ARQUI2.DETALLETEMPERATURA (IDDETALLETEMPERATURA,MEDICION,IDTEMPERATURA) values (205,26.86,81);
Insert into ARQUI2.DETALLETEMPERATURA (IDDETALLETEMPERATURA,MEDICION,IDTEMPERATURA) values (206,27.34,81);
Insert into ARQUI2.DETALLETEMPERATURA (IDDETALLETEMPERATURA,MEDICION,IDTEMPERATURA) values (106,14.65,61);
Insert into ARQUI2.DETALLETEMPERATURA (IDDETALLETEMPERATURA,MEDICION,IDTEMPERATURA) values (107,21.97,61);
Insert into ARQUI2.DETALLETEMPERATURA (IDDETALLETEMPERATURA,MEDICION,IDTEMPERATURA) values (108,15.14,61);
Insert into ARQUI2.DETALLETEMPERATURA (IDDETALLETEMPERATURA,MEDICION,IDTEMPERATURA) values (109,12.7,61);
Insert into ARQUI2.DETALLETEMPERATURA (IDDETALLETEMPERATURA,MEDICION,IDTEMPERATURA) values (112,9.28,61);
Insert into ARQUI2.DETALLETEMPERATURA (IDDETALLETEMPERATURA,MEDICION,IDTEMPERATURA) values (222,25.88,101);
Insert into ARQUI2.DETALLETEMPERATURA (IDDETALLETEMPERATURA,MEDICION,IDTEMPERATURA) values (223,26.37,101);
Insert into ARQUI2.DETALLETEMPERATURA (IDDETALLETEMPERATURA,MEDICION,IDTEMPERATURA) values (241,40.04,121);
Insert into ARQUI2.DETALLETEMPERATURA (IDDETALLETEMPERATURA,MEDICION,IDTEMPERATURA) values (244,29.3,121);
Insert into ARQUI2.DETALLETEMPERATURA (IDDETALLETEMPERATURA,MEDICION,IDTEMPERATURA) values (245,23.93,121);
Insert into ARQUI2.DETALLETEMPERATURA (IDDETALLETEMPERATURA,MEDICION,IDTEMPERATURA) values (246,24.41,121);
Insert into ARQUI2.DETALLETEMPERATURA (IDDETALLETEMPERATURA,MEDICION,IDTEMPERATURA) values (247,26.86,121);
Insert into ARQUI2.DETALLETEMPERATURA (IDDETALLETEMPERATURA,MEDICION,IDTEMPERATURA) values (248,27.34,121);
Insert into ARQUI2.DETALLETEMPERATURA (IDDETALLETEMPERATURA,MEDICION,IDTEMPERATURA) values (249,25.88,121);
Insert into ARQUI2.DETALLETEMPERATURA (IDDETALLETEMPERATURA,MEDICION,IDTEMPERATURA) values (250,24.9,121);
Insert into ARQUI2.DETALLETEMPERATURA (IDDETALLETEMPERATURA,MEDICION,IDTEMPERATURA) values (1,37,8);
Insert into ARQUI2.DETALLETEMPERATURA (IDDETALLETEMPERATURA,MEDICION,IDTEMPERATURA) values (21,39.55,22);
Insert into ARQUI2.DETALLETEMPERATURA (IDDETALLETEMPERATURA,MEDICION,IDTEMPERATURA) values (81,35.16,61);
Insert into ARQUI2.DETALLETEMPERATURA (IDDETALLETEMPERATURA,MEDICION,IDTEMPERATURA) values (161,40.04,81);
Insert into ARQUI2.DETALLETEMPERATURA (IDDETALLETEMPERATURA,MEDICION,IDTEMPERATURA) values (162,27.83,81);
Insert into ARQUI2.DETALLETEMPERATURA (IDDETALLETEMPERATURA,MEDICION,IDTEMPERATURA) values (165,27.83,81);
Insert into ARQUI2.DETALLETEMPERATURA (IDDETALLETEMPERATURA,MEDICION,IDTEMPERATURA) values (166,26.86,81);
Insert into ARQUI2.DETALLETEMPERATURA (IDDETALLETEMPERATURA,MEDICION,IDTEMPERATURA) values (167,28.32,81);
Insert into ARQUI2.DETALLETEMPERATURA (IDDETALLETEMPERATURA,MEDICION,IDTEMPERATURA) values (168,27.34,81);
Insert into ARQUI2.DETALLETEMPERATURA (IDDETALLETEMPERATURA,MEDICION,IDTEMPERATURA) values (170,27.83,81);
Insert into ARQUI2.DETALLETEMPERATURA (IDDETALLETEMPERATURA,MEDICION,IDTEMPERATURA) values (171,23.44,81);
Insert into ARQUI2.DETALLETEMPERATURA (IDDETALLETEMPERATURA,MEDICION,IDTEMPERATURA) values (174,29.3,81);
Insert into ARQUI2.DETALLETEMPERATURA (IDDETALLETEMPERATURA,MEDICION,IDTEMPERATURA) values (175,27.83,81);
Insert into ARQUI2.DETALLETEMPERATURA (IDDETALLETEMPERATURA,MEDICION,IDTEMPERATURA) values (176,27.34,81);
Insert into ARQUI2.DETALLETEMPERATURA (IDDETALLETEMPERATURA,MEDICION,IDTEMPERATURA) values (177,27.34,81);
Insert into ARQUI2.DETALLETEMPERATURA (IDDETALLETEMPERATURA,MEDICION,IDTEMPERATURA) values (178,27.83,81);
Insert into ARQUI2.DETALLETEMPERATURA (IDDETALLETEMPERATURA,MEDICION,IDTEMPERATURA) values (179,27.34,81);
Insert into ARQUI2.DETALLETEMPERATURA (IDDETALLETEMPERATURA,MEDICION,IDTEMPERATURA) values (182,28.32,81);
Insert into ARQUI2.DETALLETEMPERATURA (IDDETALLETEMPERATURA,MEDICION,IDTEMPERATURA) values (183,27.83,81);
Insert into ARQUI2.DETALLETEMPERATURA (IDDETALLETEMPERATURA,MEDICION,IDTEMPERATURA) values (184,27.34,81);
Insert into ARQUI2.DETALLETEMPERATURA (IDDETALLETEMPERATURA,MEDICION,IDTEMPERATURA) values (185,27.83,81);
Insert into ARQUI2.DETALLETEMPERATURA (IDDETALLETEMPERATURA,MEDICION,IDTEMPERATURA) values (186,27.83,81);
Insert into ARQUI2.DETALLETEMPERATURA (IDDETALLETEMPERATURA,MEDICION,IDTEMPERATURA) values (187,10.74,81);
Insert into ARQUI2.DETALLETEMPERATURA (IDDETALLETEMPERATURA,MEDICION,IDTEMPERATURA) values (190,27.34,81);
Insert into ARQUI2.DETALLETEMPERATURA (IDDETALLETEMPERATURA,MEDICION,IDTEMPERATURA) values (191,27.83,81);
Insert into ARQUI2.DETALLETEMPERATURA (IDDETALLETEMPERATURA,MEDICION,IDTEMPERATURA) values (192,27.83,81);
Insert into ARQUI2.DETALLETEMPERATURA (IDDETALLETEMPERATURA,MEDICION,IDTEMPERATURA) values (193,28.32,81);
Insert into ARQUI2.DETALLETEMPERATURA (IDDETALLETEMPERATURA,MEDICION,IDTEMPERATURA) values (194,28.81,81);
Insert into ARQUI2.DETALLETEMPERATURA (IDDETALLETEMPERATURA,MEDICION,IDTEMPERATURA) values (195,25.88,81);
Insert into ARQUI2.DETALLETEMPERATURA (IDDETALLETEMPERATURA,MEDICION,IDTEMPERATURA) values (196,26.86,81);
Insert into ARQUI2.DETALLETEMPERATURA (IDDETALLETEMPERATURA,MEDICION,IDTEMPERATURA) values (200,24.9,81);
Insert into ARQUI2.DETALLETEMPERATURA (IDDETALLETEMPERATURA,MEDICION,IDTEMPERATURA) values (221,38.09,101);
Insert into ARQUI2.DETALLETEMPERATURA (IDDETALLETEMPERATURA,MEDICION,IDTEMPERATURA) values (224,28.81,101);
Insert into ARQUI2.DETALLETEMPERATURA (IDDETALLETEMPERATURA,MEDICION,IDTEMPERATURA) values (225,27.83,101);
Insert into ARQUI2.DETALLETEMPERATURA (IDDETALLETEMPERATURA,MEDICION,IDTEMPERATURA) values (226,27.34,101);
Insert into ARQUI2.DETALLETEMPERATURA (IDDETALLETEMPERATURA,MEDICION,IDTEMPERATURA) values (227,25.39,101);
Insert into ARQUI2.DETALLETEMPERATURA (IDDETALLETEMPERATURA,MEDICION,IDTEMPERATURA) values (228,26.37,101);
Insert into ARQUI2.DETALLETEMPERATURA (IDDETALLETEMPERATURA,MEDICION,IDTEMPERATURA) values (229,25.88,101);
Insert into ARQUI2.DETALLETEMPERATURA (IDDETALLETEMPERATURA,MEDICION,IDTEMPERATURA) values (242,25.39,121);
Insert into ARQUI2.DETALLETEMPERATURA (IDDETALLETEMPERATURA,MEDICION,IDTEMPERATURA) values (243,20.02,121);
Insert into ARQUI2.DETALLETEMPERATURA (IDDETALLETEMPERATURA,MEDICION,IDTEMPERATURA) values (251,26.86,121);
Insert into ARQUI2.DETALLETEMPERATURA (IDDETALLETEMPERATURA,MEDICION,IDTEMPERATURA) values (253,27.34,121);
Insert into ARQUI2.DETALLETEMPERATURA (IDDETALLETEMPERATURA,MEDICION,IDTEMPERATURA) values (254,26.37,121);
Insert into ARQUI2.DETALLETEMPERATURA (IDDETALLETEMPERATURA,MEDICION,IDTEMPERATURA) values (255,9.28,121);
Insert into ARQUI2.DETALLETEMPERATURA (IDDETALLETEMPERATURA,MEDICION,IDTEMPERATURA) values (256,26.86,121);
Insert into ARQUI2.DETALLETEMPERATURA (IDDETALLETEMPERATURA,MEDICION,IDTEMPERATURA) values (257,25.39,121);
Insert into ARQUI2.DETALLETEMPERATURA (IDDETALLETEMPERATURA,MEDICION,IDTEMPERATURA) values (258,26.86,121);
Insert into ARQUI2.DETALLETEMPERATURA (IDDETALLETEMPERATURA,MEDICION,IDTEMPERATURA) values (262,19.53,121);
Insert into ARQUI2.DETALLETEMPERATURA (IDDETALLETEMPERATURA,MEDICION,IDTEMPERATURA) values (263,27.34,121);
Insert into ARQUI2.DETALLETEMPERATURA (IDDETALLETEMPERATURA,MEDICION,IDTEMPERATURA) values (264,25.39,121);
Insert into ARQUI2.DETALLETEMPERATURA (IDDETALLETEMPERATURA,MEDICION,IDTEMPERATURA) values (265,4.39,121);
Insert into ARQUI2.DETALLETEMPERATURA (IDDETALLETEMPERATURA,MEDICION,IDTEMPERATURA) values (266,26.37,121);
Insert into ARQUI2.DETALLETEMPERATURA (IDDETALLETEMPERATURA,MEDICION,IDTEMPERATURA) values (267,26.37,121);
Insert into ARQUI2.DETALLETEMPERATURA (IDDETALLETEMPERATURA,MEDICION,IDTEMPERATURA) values (270,24.9,121);
Insert into ARQUI2.DETALLETEMPERATURA (IDDETALLETEMPERATURA,MEDICION,IDTEMPERATURA) values (271,24.41,121);
Insert into ARQUI2.DETALLETEMPERATURA (IDDETALLETEMPERATURA,MEDICION,IDTEMPERATURA) values (272,28.32,121);
Insert into ARQUI2.DETALLETEMPERATURA (IDDETALLETEMPERATURA,MEDICION,IDTEMPERATURA) values (273,26.37,121);
REM INSERTING into ARQUI2.OXIGENO
SET DEFINE OFF;
Insert into ARQUI2.OXIGENO (IDOXIGENO,MEDICION,FECHAHORA,IDUSUARIO) values (14,0,to_timestamp('24/02/21 05:59:20.846425000 PM','DD/MM/RR HH12:MI:SSXFF AM'),1);
Insert into ARQUI2.OXIGENO (IDOXIGENO,MEDICION,FECHAHORA,IDUSUARIO) values (61,69.72,to_timestamp('27/02/21 06:54:18.792784000 AM','DD/MM/RR HH12:MI:SSXFF AM'),3);
Insert into ARQUI2.OXIGENO (IDOXIGENO,MEDICION,FECHAHORA,IDUSUARIO) values (3,0,to_timestamp('24/02/21 12:35:29.307598000 AM','DD/MM/RR HH12:MI:SSXFF AM'),6);
Insert into ARQUI2.OXIGENO (IDOXIGENO,MEDICION,FECHAHORA,IDUSUARIO) values (8,0,to_timestamp('24/02/21 12:41:24.377145000 AM','DD/MM/RR HH12:MI:SSXFF AM'),1);
Insert into ARQUI2.OXIGENO (IDOXIGENO,MEDICION,FECHAHORA,IDUSUARIO) values (10,0,to_timestamp('24/02/21 12:42:25.660831000 AM','DD/MM/RR HH12:MI:SSXFF AM'),6);
Insert into ARQUI2.OXIGENO (IDOXIGENO,MEDICION,FECHAHORA,IDUSUARIO) values (7,0,to_timestamp('24/02/21 12:41:15.583289000 AM','DD/MM/RR HH12:MI:SSXFF AM'),1);
Insert into ARQUI2.OXIGENO (IDOXIGENO,MEDICION,FECHAHORA,IDUSUARIO) values (9,0,to_timestamp('24/02/21 12:41:46.053816000 AM','DD/MM/RR HH12:MI:SSXFF AM'),6);
Insert into ARQUI2.OXIGENO (IDOXIGENO,MEDICION,FECHAHORA,IDUSUARIO) values (21,70,to_timestamp('26/02/21 04:36:51.848060000 AM','DD/MM/RR HH12:MI:SSXFF AM'),3);
Insert into ARQUI2.OXIGENO (IDOXIGENO,MEDICION,FECHAHORA,IDUSUARIO) values (22,61.33,to_timestamp('26/02/21 04:48:02.840337000 AM','DD/MM/RR HH12:MI:SSXFF AM'),3);
Insert into ARQUI2.OXIGENO (IDOXIGENO,MEDICION,FECHAHORA,IDUSUARIO) values (1,0,to_timestamp('24/02/21 12:03:07.714811000 AM','DD/MM/RR HH12:MI:SSXFF AM'),1);
Insert into ARQUI2.OXIGENO (IDOXIGENO,MEDICION,FECHAHORA,IDUSUARIO) values (4,0,to_timestamp('24/02/21 12:37:10.368823000 AM','DD/MM/RR HH12:MI:SSXFF AM'),6);
Insert into ARQUI2.OXIGENO (IDOXIGENO,MEDICION,FECHAHORA,IDUSUARIO) values (5,0,to_timestamp('24/02/21 12:37:37.324002000 AM','DD/MM/RR HH12:MI:SSXFF AM'),6);
Insert into ARQUI2.OXIGENO (IDOXIGENO,MEDICION,FECHAHORA,IDUSUARIO) values (6,0,to_timestamp('24/02/21 12:40:58.985750000 AM','DD/MM/RR HH12:MI:SSXFF AM'),6);
Insert into ARQUI2.OXIGENO (IDOXIGENO,MEDICION,FECHAHORA,IDUSUARIO) values (13,0,to_timestamp('24/02/21 05:50:07.336781000 PM','DD/MM/RR HH12:MI:SSXFF AM'),1);
Insert into ARQUI2.OXIGENO (IDOXIGENO,MEDICION,FECHAHORA,IDUSUARIO) values (16,0,to_timestamp('24/02/21 06:30:29.705915000 PM','DD/MM/RR HH12:MI:SSXFF AM'),1);
Insert into ARQUI2.OXIGENO (IDOXIGENO,MEDICION,FECHAHORA,IDUSUARIO) values (18,0,to_timestamp('24/02/21 06:37:05.083663000 PM','DD/MM/RR HH12:MI:SSXFF AM'),1);
Insert into ARQUI2.OXIGENO (IDOXIGENO,MEDICION,FECHAHORA,IDUSUARIO) values (81,0,to_timestamp('27/02/21 07:52:22.781571000 AM','DD/MM/RR HH12:MI:SSXFF AM'),2);
Insert into ARQUI2.OXIGENO (IDOXIGENO,MEDICION,FECHAHORA,IDUSUARIO) values (101,92,to_timestamp('27/02/21 04:37:13.423956000 PM','DD/MM/RR HH12:MI:SSXFF AM'),3);
Insert into ARQUI2.OXIGENO (IDOXIGENO,MEDICION,FECHAHORA,IDUSUARIO) values (121,80.71,to_timestamp('27/02/21 05:33:57.487664000 PM','DD/MM/RR HH12:MI:SSXFF AM'),3);
Insert into ARQUI2.OXIGENO (IDOXIGENO,MEDICION,FECHAHORA,IDUSUARIO) values (2,0,to_timestamp('24/02/21 12:15:16.330011000 AM','DD/MM/RR HH12:MI:SSXFF AM'),6);
Insert into ARQUI2.OXIGENO (IDOXIGENO,MEDICION,FECHAHORA,IDUSUARIO) values (11,19,to_timestamp('24/02/21 11:58:51.764274000 AM','DD/MM/RR HH12:MI:SSXFF AM'),2);
Insert into ARQUI2.OXIGENO (IDOXIGENO,MEDICION,FECHAHORA,IDUSUARIO) values (12,95,to_timestamp('24/02/21 05:35:55.265018000 PM','DD/MM/RR HH12:MI:SSXFF AM'),1);
Insert into ARQUI2.OXIGENO (IDOXIGENO,MEDICION,FECHAHORA,IDUSUARIO) values (15,0,to_timestamp('24/02/21 06:06:40.213221000 PM','DD/MM/RR HH12:MI:SSXFF AM'),1);
Insert into ARQUI2.OXIGENO (IDOXIGENO,MEDICION,FECHAHORA,IDUSUARIO) values (17,0,to_timestamp('24/02/21 06:34:39.104976000 PM','DD/MM/RR HH12:MI:SSXFF AM'),1);
Insert into ARQUI2.OXIGENO (IDOXIGENO,MEDICION,FECHAHORA,IDUSUARIO) values (41,0,to_timestamp('27/02/21 04:22:27.107889000 AM','DD/MM/RR HH12:MI:SSXFF AM'),6);
Insert into ARQUI2.OXIGENO (IDOXIGENO,MEDICION,FECHAHORA,IDUSUARIO) values (141,83.21,to_timestamp('27/02/21 06:16:50.771998000 PM','DD/MM/RR HH12:MI:SSXFF AM'),3);
REM INSERTING into ARQUI2.RITMOCARDIACO
SET DEFINE OFF;
Insert into ARQUI2.RITMOCARDIACO (IDRITMO,MEDICION,FECHAHORA,IDUSUARIO) values (2,0,to_timestamp('24/02/21 12:13:53.614935000 AM','DD/MM/RR HH12:MI:SSXFF AM'),6);
Insert into ARQUI2.RITMOCARDIACO (IDRITMO,MEDICION,FECHAHORA,IDUSUARIO) values (17,99,to_timestamp('24/02/21 06:10:06.600552000 PM','DD/MM/RR HH12:MI:SSXFF AM'),1);
Insert into ARQUI2.RITMOCARDIACO (IDRITMO,MEDICION,FECHAHORA,IDUSUARIO) values (18,132.62,to_timestamp('24/02/21 06:30:29.587788000 PM','DD/MM/RR HH12:MI:SSXFF AM'),1);
Insert into ARQUI2.RITMOCARDIACO (IDRITMO,MEDICION,FECHAHORA,IDUSUARIO) values (19,0,to_timestamp('24/02/21 06:34:39.079318000 PM','DD/MM/RR HH12:MI:SSXFF AM'),1);
Insert into ARQUI2.RITMOCARDIACO (IDRITMO,MEDICION,FECHAHORA,IDUSUARIO) values (20,152.67,to_timestamp('24/02/21 06:37:05.067202000 PM','DD/MM/RR HH12:MI:SSXFF AM'),1);
Insert into ARQUI2.RITMOCARDIACO (IDRITMO,MEDICION,FECHAHORA,IDUSUARIO) values (61,117.74,to_timestamp('27/02/21 06:54:18.701925000 AM','DD/MM/RR HH12:MI:SSXFF AM'),3);
Insert into ARQUI2.RITMOCARDIACO (IDRITMO,MEDICION,FECHAHORA,IDUSUARIO) values (4,0,to_timestamp('24/02/21 12:30:21.284609000 AM','DD/MM/RR HH12:MI:SSXFF AM'),6);
Insert into ARQUI2.RITMOCARDIACO (IDRITMO,MEDICION,FECHAHORA,IDUSUARIO) values (13,95,to_timestamp('24/02/21 05:08:53.917743000 PM','DD/MM/RR HH12:MI:SSXFF AM'),1);
Insert into ARQUI2.RITMOCARDIACO (IDRITMO,MEDICION,FECHAHORA,IDUSUARIO) values (10,0,to_timestamp('24/02/21 12:40:58.974062000 AM','DD/MM/RR HH12:MI:SSXFF AM'),6);
Insert into ARQUI2.RITMOCARDIACO (IDRITMO,MEDICION,FECHAHORA,IDUSUARIO) values (12,0,to_timestamp('24/02/21 12:42:18.757284000 AM','DD/MM/RR HH12:MI:SSXFF AM'),6);
Insert into ARQUI2.RITMOCARDIACO (IDRITMO,MEDICION,FECHAHORA,IDUSUARIO) values (21,121.44,to_timestamp('26/02/21 04:36:51.728712000 AM','DD/MM/RR HH12:MI:SSXFF AM'),3);
Insert into ARQUI2.RITMOCARDIACO (IDRITMO,MEDICION,FECHAHORA,IDUSUARIO) values (22,125.17,to_timestamp('26/02/21 04:48:02.763414000 AM','DD/MM/RR HH12:MI:SSXFF AM'),3);
Insert into ARQUI2.RITMOCARDIACO (IDRITMO,MEDICION,FECHAHORA,IDUSUARIO) values (101,107.29,to_timestamp('27/02/21 05:33:57.378756000 PM','DD/MM/RR HH12:MI:SSXFF AM'),3);
Insert into ARQUI2.RITMOCARDIACO (IDRITMO,MEDICION,FECHAHORA,IDUSUARIO) values (1,0,to_timestamp('24/02/21 12:03:14.153810000 AM','DD/MM/RR HH12:MI:SSXFF AM'),1);
Insert into ARQUI2.RITMOCARDIACO (IDRITMO,MEDICION,FECHAHORA,IDUSUARIO) values (11,0,to_timestamp('24/02/21 12:41:46.062507000 AM','DD/MM/RR HH12:MI:SSXFF AM'),6);
Insert into ARQUI2.RITMOCARDIACO (IDRITMO,MEDICION,FECHAHORA,IDUSUARIO) values (41,0,to_timestamp('27/02/21 04:22:27.105689000 AM','DD/MM/RR HH12:MI:SSXFF AM'),6);
Insert into ARQUI2.RITMOCARDIACO (IDRITMO,MEDICION,FECHAHORA,IDUSUARIO) values (121,132.52,to_timestamp('27/02/21 06:16:50.652456000 PM','DD/MM/RR HH12:MI:SSXFF AM'),3);
Insert into ARQUI2.RITMOCARDIACO (IDRITMO,MEDICION,FECHAHORA,IDUSUARIO) values (3,0,to_timestamp('24/02/21 12:19:21.920534000 AM','DD/MM/RR HH12:MI:SSXFF AM'),6);
Insert into ARQUI2.RITMOCARDIACO (IDRITMO,MEDICION,FECHAHORA,IDUSUARIO) values (5,0,to_timestamp('24/02/21 12:31:51.362947000 AM','DD/MM/RR HH12:MI:SSXFF AM'),6);
Insert into ARQUI2.RITMOCARDIACO (IDRITMO,MEDICION,FECHAHORA,IDUSUARIO) values (6,0,to_timestamp('24/02/21 12:32:07.024630000 AM','DD/MM/RR HH12:MI:SSXFF AM'),6);
Insert into ARQUI2.RITMOCARDIACO (IDRITMO,MEDICION,FECHAHORA,IDUSUARIO) values (7,0,to_timestamp('24/02/21 12:32:15.270860000 AM','DD/MM/RR HH12:MI:SSXFF AM'),6);
Insert into ARQUI2.RITMOCARDIACO (IDRITMO,MEDICION,FECHAHORA,IDUSUARIO) values (8,0,to_timestamp('24/02/21 12:37:10.367477000 AM','DD/MM/RR HH12:MI:SSXFF AM'),6);
Insert into ARQUI2.RITMOCARDIACO (IDRITMO,MEDICION,FECHAHORA,IDUSUARIO) values (9,0,to_timestamp('24/02/21 12:37:37.327211000 AM','DD/MM/RR HH12:MI:SSXFF AM'),6);
Insert into ARQUI2.RITMOCARDIACO (IDRITMO,MEDICION,FECHAHORA,IDUSUARIO) values (14,0,to_timestamp('24/02/21 05:50:07.339877000 PM','DD/MM/RR HH12:MI:SSXFF AM'),1);
Insert into ARQUI2.RITMOCARDIACO (IDRITMO,MEDICION,FECHAHORA,IDUSUARIO) values (15,0,to_timestamp('24/02/21 05:59:20.731173000 PM','DD/MM/RR HH12:MI:SSXFF AM'),1);
Insert into ARQUI2.RITMOCARDIACO (IDRITMO,MEDICION,FECHAHORA,IDUSUARIO) values (16,0,to_timestamp('24/02/21 06:06:40.112617000 PM','DD/MM/RR HH12:MI:SSXFF AM'),1);
Insert into ARQUI2.RITMOCARDIACO (IDRITMO,MEDICION,FECHAHORA,IDUSUARIO) values (81,115.72,to_timestamp('27/02/21 04:37:13.328031000 PM','DD/MM/RR HH12:MI:SSXFF AM'),3);
REM INSERTING into ARQUI2.TEMPERATURA
SET DEFINE OFF;
Insert into ARQUI2.TEMPERATURA (IDTEMPERATURA,FECHAHORA,PROMEDIO,MINTEMP,MAXTEMP,IDUSUARIO) values (9,to_timestamp('24/02/21 05:50:07.338817000 PM','DD/MM/RR HH12:MI:SSXFF AM'),0,0,0,1);
Insert into ARQUI2.TEMPERATURA (IDTEMPERATURA,FECHAHORA,PROMEDIO,MINTEMP,MAXTEMP,IDUSUARIO) values (11,to_timestamp('24/02/21 06:06:40.239235000 PM','DD/MM/RR HH12:MI:SSXFF AM'),0,0,0,1);
Insert into ARQUI2.TEMPERATURA (IDTEMPERATURA,FECHAHORA,PROMEDIO,MINTEMP,MAXTEMP,IDUSUARIO) values (12,to_timestamp('24/02/21 06:30:29.676533000 PM','DD/MM/RR HH12:MI:SSXFF AM'),0,0,0,1);
Insert into ARQUI2.TEMPERATURA (IDTEMPERATURA,FECHAHORA,PROMEDIO,MINTEMP,MAXTEMP,IDUSUARIO) values (7,to_timestamp('24/02/21 12:42:35.305439000 AM','DD/MM/RR HH12:MI:SSXFF AM'),0,0,0,6);
Insert into ARQUI2.TEMPERATURA (IDTEMPERATURA,FECHAHORA,PROMEDIO,MINTEMP,MAXTEMP,IDUSUARIO) values (41,to_timestamp('27/02/21 04:22:27.110382000 AM','DD/MM/RR HH12:MI:SSXFF AM'),0,0,0,6);
Insert into ARQUI2.TEMPERATURA (IDTEMPERATURA,FECHAHORA,PROMEDIO,MINTEMP,MAXTEMP,IDUSUARIO) values (21,to_timestamp('26/02/21 04:36:51.841578000 AM','DD/MM/RR HH12:MI:SSXFF AM'),0,0,0,3);
Insert into ARQUI2.TEMPERATURA (IDTEMPERATURA,FECHAHORA,PROMEDIO,MINTEMP,MAXTEMP,IDUSUARIO) values (101,to_timestamp('27/02/21 05:33:57.480121000 PM','DD/MM/RR HH12:MI:SSXFF AM'),28,25.39,38.09,3);
Insert into ARQUI2.TEMPERATURA (IDTEMPERATURA,FECHAHORA,PROMEDIO,MINTEMP,MAXTEMP,IDUSUARIO) values (1,to_timestamp('24/02/21 12:03:17.950471000 AM','DD/MM/RR HH12:MI:SSXFF AM'),0,0,0,1);
Insert into ARQUI2.TEMPERATURA (IDTEMPERATURA,FECHAHORA,PROMEDIO,MINTEMP,MAXTEMP,IDUSUARIO) values (3,to_timestamp('24/02/21 12:19:55.401010000 AM','DD/MM/RR HH12:MI:SSXFF AM'),0,0,0,6);
Insert into ARQUI2.TEMPERATURA (IDTEMPERATURA,FECHAHORA,PROMEDIO,MINTEMP,MAXTEMP,IDUSUARIO) values (13,to_timestamp('24/02/21 06:34:39.098542000 PM','DD/MM/RR HH12:MI:SSXFF AM'),0,0,0,1);
Insert into ARQUI2.TEMPERATURA (IDTEMPERATURA,FECHAHORA,PROMEDIO,MINTEMP,MAXTEMP,IDUSUARIO) values (61,to_timestamp('27/02/21 06:54:18.797514000 AM','DD/MM/RR HH12:MI:SSXFF AM'),23.45,0.49,41.5,3);
Insert into ARQUI2.TEMPERATURA (IDTEMPERATURA,FECHAHORA,PROMEDIO,MINTEMP,MAXTEMP,IDUSUARIO) values (121,to_timestamp('27/02/21 06:16:50.761718000 PM','DD/MM/RR HH12:MI:SSXFF AM'),24.95,4.39,40.04,3);
Insert into ARQUI2.TEMPERATURA (IDTEMPERATURA,FECHAHORA,PROMEDIO,MINTEMP,MAXTEMP,IDUSUARIO) values (2,to_timestamp('24/02/21 12:11:22.510338000 AM','DD/MM/RR HH12:MI:SSXFF AM'),0,0,0,6);
Insert into ARQUI2.TEMPERATURA (IDTEMPERATURA,FECHAHORA,PROMEDIO,MINTEMP,MAXTEMP,IDUSUARIO) values (4,to_timestamp('24/02/21 12:37:37.323120000 AM','DD/MM/RR HH12:MI:SSXFF AM'),0,0,0,6);
Insert into ARQUI2.TEMPERATURA (IDTEMPERATURA,FECHAHORA,PROMEDIO,MINTEMP,MAXTEMP,IDUSUARIO) values (5,to_timestamp('24/02/21 12:40:58.994383000 AM','DD/MM/RR HH12:MI:SSXFF AM'),0,0,0,6);
Insert into ARQUI2.TEMPERATURA (IDTEMPERATURA,FECHAHORA,PROMEDIO,MINTEMP,MAXTEMP,IDUSUARIO) values (6,to_timestamp('24/02/21 12:41:46.076412000 AM','DD/MM/RR HH12:MI:SSXFF AM'),0,0,0,6);
Insert into ARQUI2.TEMPERATURA (IDTEMPERATURA,FECHAHORA,PROMEDIO,MINTEMP,MAXTEMP,IDUSUARIO) values (8,to_timestamp('24/02/21 05:36:24.726145000 PM','DD/MM/RR HH12:MI:SSXFF AM'),37,37,37,1);
Insert into ARQUI2.TEMPERATURA (IDTEMPERATURA,FECHAHORA,PROMEDIO,MINTEMP,MAXTEMP,IDUSUARIO) values (10,to_timestamp('24/02/21 05:59:20.838557000 PM','DD/MM/RR HH12:MI:SSXFF AM'),0,0,0,1);
Insert into ARQUI2.TEMPERATURA (IDTEMPERATURA,FECHAHORA,PROMEDIO,MINTEMP,MAXTEMP,IDUSUARIO) values (14,to_timestamp('24/02/21 06:37:05.090730000 PM','DD/MM/RR HH12:MI:SSXFF AM'),0,0,0,1);
Insert into ARQUI2.TEMPERATURA (IDTEMPERATURA,FECHAHORA,PROMEDIO,MINTEMP,MAXTEMP,IDUSUARIO) values (22,to_timestamp('26/02/21 04:48:02.864333000 AM','DD/MM/RR HH12:MI:SSXFF AM'),27.29,0.98,40.53,3);
Insert into ARQUI2.TEMPERATURA (IDTEMPERATURA,FECHAHORA,PROMEDIO,MINTEMP,MAXTEMP,IDUSUARIO) values (81,to_timestamp('27/02/21 04:37:13.411135000 PM','DD/MM/RR HH12:MI:SSXFF AM'),27.29,10.74,40.04,3);
REM INSERTING into ARQUI2.USUARIO
SET DEFINE OFF;
Insert into ARQUI2.USUARIO (IDUSUARIO,NOMBRE,APELLIDO,EDAD,GENERO,PESO,ESTATURA,TIPO,NICKNAME,CONTRASENIA) values (41,'Fernando','Flores',23,1,180,1.9,0,'floresvfer','1234');
Insert into ARQUI2.USUARIO (IDUSUARIO,NOMBRE,APELLIDO,EDAD,GENERO,PESO,ESTATURA,TIPO,NICKNAME,CONTRASENIA) values (21,'Jessica','Botón',21,0,110,1.55,0,'jess','jess');
Insert into ARQUI2.USUARIO (IDUSUARIO,NOMBRE,APELLIDO,EDAD,GENERO,PESO,ESTATURA,TIPO,NICKNAME,CONTRASENIA) values (1,'Dan','Reynolds',33,1,170,1.95,0,'dare','1234');
Insert into ARQUI2.USUARIO (IDUSUARIO,NOMBRE,APELLIDO,EDAD,GENERO,PESO,ESTATURA,TIPO,NICKNAME,CONTRASENIA) values (2,'Damien','Rice',47,1,150,1.8,0,'dari','1234');
Insert into ARQUI2.USUARIO (IDUSUARIO,NOMBRE,APELLIDO,EDAD,GENERO,PESO,ESTATURA,TIPO,NICKNAME,CONTRASENIA) values (3,'Avril','Lavigne',36,0,110.23,1.57,0,'avla','1234');
Insert into ARQUI2.USUARIO (IDUSUARIO,NOMBRE,APELLIDO,EDAD,GENERO,PESO,ESTATURA,TIPO,NICKNAME,CONTRASENIA) values (4,'Robert','Lewandowski',32,1,176.37,1.84,0,'rolew','1234');
Insert into ARQUI2.USUARIO (IDUSUARIO,NOMBRE,APELLIDO,EDAD,GENERO,PESO,ESTATURA,TIPO,NICKNAME,CONTRASENIA) values (5,'Jurgen','Klopp',53,1,182.98,1.91,1,'jukl','1234');
Insert into ARQUI2.USUARIO (IDUSUARIO,NOMBRE,APELLIDO,EDAD,GENERO,PESO,ESTATURA,TIPO,NICKNAME,CONTRASENIA) values (6,'Alex','Morgan',31,0,136.68,1.7,1,'almo','1234');
--------------------------------------------------------
--  DDL for Trigger TG_MINMAXPROMTEMPS
--------------------------------------------------------

  CREATE OR REPLACE NONEDITIONABLE TRIGGER "ARQUI2"."TG_MINMAXPROMTEMPS" 
FOR INSERT ON DetalleTemperatura
COMPOUND TRIGGER
  v_idTemperatura INTEGER;
  v_promedio NUMBER(5,2);
  v_min NUMBER(5,2);
  v_max NUMBER(5,2);

  AFTER EACH ROW IS
  BEGIN
    v_idTemperatura := :NEW.idTemperatura;
  END AFTER EACH ROW;

  AFTER STATEMENT IS
    BEGIN
      SELECT AVG(tm.medicion) INTO v_promedio FROM DetalleTemperatura tm
        WHERE tm.idTemperatura = v_idTemperatura;

      SELECT MIN(tm.medicion) INTO v_min FROM DetalleTemperatura tm
        WHERE tm.idTemperatura = v_idTemperatura;

      SELECT MAX(tm.medicion) INTO v_max FROM DetalleTemperatura tm
        WHERE tm.idTemperatura = v_idTemperatura;

      UPDATE Temperatura SET 
          promedio = v_promedio, 
          minTemp = v_min,
          maxTemp = v_max
        WHERE idTemperatura = v_idTemperatura;  
  END AFTER STATEMENT;
END tg_minmaxpromTemps;
/
ALTER TRIGGER "ARQUI2"."TG_MINMAXPROMTEMPS" ENABLE;
--------------------------------------------------------
--  DDL for Trigger TG_PROMEDIOOXIGENO
--------------------------------------------------------

  CREATE OR REPLACE NONEDITIONABLE TRIGGER "ARQUI2"."TG_PROMEDIOOXIGENO" 
FOR INSERT ON DetalleOxigeno
COMPOUND TRIGGER 
    valor_idOxigeno INTEGER;
    promedio NUMBER(5,2);

    AFTER EACH ROW IS
    BEGIN
        valor_idOxigeno := :NEW.idOxigeno; 
    END AFTER EACH ROW; 

    AFTER STATEMENT IS 
    BEGIN 
        SELECT AVG(deo.medicion)INTO promedio FROM DetalleOxigeno deo
        WHERE deo.idoxigeno = valor_idOxigeno; 

        UPDATE Oxigeno SET medicion = promedio
        WHERE idoxigeno = valor_idOxigeno; 

    END AFTER STATEMENT; 
END tg_promedioOxigeno;
/
ALTER TRIGGER "ARQUI2"."TG_PROMEDIOOXIGENO" ENABLE;
--------------------------------------------------------
--  DDL for Trigger TG_PROMEDIORITMO
--------------------------------------------------------

  CREATE OR REPLACE NONEDITIONABLE TRIGGER "ARQUI2"."TG_PROMEDIORITMO" 
FOR INSERT ON DetalleRitmo
COMPOUND TRIGGER
  v_idRitmo INTEGER;
  v_promedio NUMBER(5,2);

  AFTER EACH ROW IS
  BEGIN
    v_idRitmo := :NEW.idRitmo;
  END AFTER EACH ROW;

  AFTER STATEMENT IS
    BEGIN
      SELECT AVG(dt.medicion) INTO v_promedio FROM DetalleRitmo dt
        WHERE dt.idRitmo = v_idRitmo;

      UPDATE RitmoCardiaco SET medicion = v_promedio 
        WHERE idRitmo = v_idRitmo;
  END AFTER STATEMENT;
END tg_promedioRitmo;
/
ALTER TRIGGER "ARQUI2"."TG_PROMEDIORITMO" ENABLE;
--------------------------------------------------------
--  Constraints for Table DETALLERITMO
--------------------------------------------------------

  ALTER TABLE "ARQUI2"."DETALLERITMO" MODIFY ("IDDETALLERITMO" NOT NULL ENABLE);
  ALTER TABLE "ARQUI2"."DETALLERITMO" MODIFY ("MEDICION" NOT NULL ENABLE);
  ALTER TABLE "ARQUI2"."DETALLERITMO" MODIFY ("IDRITMO" NOT NULL ENABLE);
  ALTER TABLE "ARQUI2"."DETALLERITMO" ADD PRIMARY KEY ("IDDETALLERITMO")
  USING INDEX PCTFREE 10 INITRANS 2 MAXTRANS 255 COMPUTE STATISTICS 
  STORAGE(INITIAL 65536 NEXT 1048576 MINEXTENTS 1 MAXEXTENTS 2147483645
  PCTINCREASE 0 FREELISTS 1 FREELIST GROUPS 1
  BUFFER_POOL DEFAULT FLASH_CACHE DEFAULT CELL_FLASH_CACHE DEFAULT)
  TABLESPACE "USERS"  ENABLE;
--------------------------------------------------------
--  Constraints for Table TEMPERATURA
--------------------------------------------------------

  ALTER TABLE "ARQUI2"."TEMPERATURA" MODIFY ("IDTEMPERATURA" NOT NULL ENABLE);
  ALTER TABLE "ARQUI2"."TEMPERATURA" MODIFY ("IDUSUARIO" NOT NULL ENABLE);
  ALTER TABLE "ARQUI2"."TEMPERATURA" ADD PRIMARY KEY ("IDTEMPERATURA")
  USING INDEX PCTFREE 10 INITRANS 2 MAXTRANS 255 COMPUTE STATISTICS 
  STORAGE(INITIAL 65536 NEXT 1048576 MINEXTENTS 1 MAXEXTENTS 2147483645
  PCTINCREASE 0 FREELISTS 1 FREELIST GROUPS 1
  BUFFER_POOL DEFAULT FLASH_CACHE DEFAULT CELL_FLASH_CACHE DEFAULT)
  TABLESPACE "USERS"  ENABLE;
--------------------------------------------------------
--  Constraints for Table DETALLETEMPERATURA
--------------------------------------------------------

  ALTER TABLE "ARQUI2"."DETALLETEMPERATURA" MODIFY ("IDDETALLETEMPERATURA" NOT NULL ENABLE);
  ALTER TABLE "ARQUI2"."DETALLETEMPERATURA" MODIFY ("MEDICION" NOT NULL ENABLE);
  ALTER TABLE "ARQUI2"."DETALLETEMPERATURA" MODIFY ("IDTEMPERATURA" NOT NULL ENABLE);
  ALTER TABLE "ARQUI2"."DETALLETEMPERATURA" ADD PRIMARY KEY ("IDDETALLETEMPERATURA")
  USING INDEX PCTFREE 10 INITRANS 2 MAXTRANS 255 COMPUTE STATISTICS 
  STORAGE(INITIAL 65536 NEXT 1048576 MINEXTENTS 1 MAXEXTENTS 2147483645
  PCTINCREASE 0 FREELISTS 1 FREELIST GROUPS 1
  BUFFER_POOL DEFAULT FLASH_CACHE DEFAULT CELL_FLASH_CACHE DEFAULT)
  TABLESPACE "USERS"  ENABLE;
--------------------------------------------------------
--  Constraints for Table COACH
--------------------------------------------------------

  ALTER TABLE "ARQUI2"."COACH" MODIFY ("IDCOACH" NOT NULL ENABLE);
  ALTER TABLE "ARQUI2"."COACH" MODIFY ("IDATLETA" NOT NULL ENABLE);
  ALTER TABLE "ARQUI2"."COACH" MODIFY ("IDENTRENADOR" NOT NULL ENABLE);
  ALTER TABLE "ARQUI2"."COACH" ADD PRIMARY KEY ("IDCOACH")
  USING INDEX PCTFREE 10 INITRANS 2 MAXTRANS 255 COMPUTE STATISTICS 
  STORAGE(INITIAL 65536 NEXT 1048576 MINEXTENTS 1 MAXEXTENTS 2147483645
  PCTINCREASE 0 FREELISTS 1 FREELIST GROUPS 1
  BUFFER_POOL DEFAULT FLASH_CACHE DEFAULT CELL_FLASH_CACHE DEFAULT)
  TABLESPACE "USERS"  ENABLE;
--------------------------------------------------------
--  Constraints for Table DETALLEOXIGENO
--------------------------------------------------------

  ALTER TABLE "ARQUI2"."DETALLEOXIGENO" MODIFY ("IDDETALLEOXIGENO" NOT NULL ENABLE);
  ALTER TABLE "ARQUI2"."DETALLEOXIGENO" MODIFY ("MEDICION" NOT NULL ENABLE);
  ALTER TABLE "ARQUI2"."DETALLEOXIGENO" MODIFY ("IDOXIGENO" NOT NULL ENABLE);
  ALTER TABLE "ARQUI2"."DETALLEOXIGENO" ADD PRIMARY KEY ("IDDETALLEOXIGENO")
  USING INDEX PCTFREE 10 INITRANS 2 MAXTRANS 255 COMPUTE STATISTICS 
  STORAGE(INITIAL 65536 NEXT 1048576 MINEXTENTS 1 MAXEXTENTS 2147483645
  PCTINCREASE 0 FREELISTS 1 FREELIST GROUPS 1
  BUFFER_POOL DEFAULT FLASH_CACHE DEFAULT CELL_FLASH_CACHE DEFAULT)
  TABLESPACE "USERS"  ENABLE;
--------------------------------------------------------
--  Constraints for Table USUARIO
--------------------------------------------------------

  ALTER TABLE "ARQUI2"."USUARIO" MODIFY ("IDUSUARIO" NOT NULL ENABLE);
  ALTER TABLE "ARQUI2"."USUARIO" MODIFY ("NOMBRE" NOT NULL ENABLE);
  ALTER TABLE "ARQUI2"."USUARIO" MODIFY ("APELLIDO" NOT NULL ENABLE);
  ALTER TABLE "ARQUI2"."USUARIO" MODIFY ("NICKNAME" NOT NULL ENABLE);
  ALTER TABLE "ARQUI2"."USUARIO" MODIFY ("CONTRASENIA" NOT NULL ENABLE);
  ALTER TABLE "ARQUI2"."USUARIO" ADD PRIMARY KEY ("IDUSUARIO")
  USING INDEX PCTFREE 10 INITRANS 2 MAXTRANS 255 COMPUTE STATISTICS 
  STORAGE(INITIAL 65536 NEXT 1048576 MINEXTENTS 1 MAXEXTENTS 2147483645
  PCTINCREASE 0 FREELISTS 1 FREELIST GROUPS 1
  BUFFER_POOL DEFAULT FLASH_CACHE DEFAULT CELL_FLASH_CACHE DEFAULT)
  TABLESPACE "USERS"  ENABLE;
--------------------------------------------------------
--  Constraints for Table OXIGENO
--------------------------------------------------------

  ALTER TABLE "ARQUI2"."OXIGENO" MODIFY ("IDOXIGENO" NOT NULL ENABLE);
  ALTER TABLE "ARQUI2"."OXIGENO" MODIFY ("IDUSUARIO" NOT NULL ENABLE);
  ALTER TABLE "ARQUI2"."OXIGENO" ADD PRIMARY KEY ("IDOXIGENO")
  USING INDEX PCTFREE 10 INITRANS 2 MAXTRANS 255 COMPUTE STATISTICS 
  STORAGE(INITIAL 65536 NEXT 1048576 MINEXTENTS 1 MAXEXTENTS 2147483645
  PCTINCREASE 0 FREELISTS 1 FREELIST GROUPS 1
  BUFFER_POOL DEFAULT FLASH_CACHE DEFAULT CELL_FLASH_CACHE DEFAULT)
  TABLESPACE "USERS"  ENABLE;
--------------------------------------------------------
--  Constraints for Table RITMOCARDIACO
--------------------------------------------------------

  ALTER TABLE "ARQUI2"."RITMOCARDIACO" MODIFY ("IDRITMO" NOT NULL ENABLE);
  ALTER TABLE "ARQUI2"."RITMOCARDIACO" MODIFY ("IDUSUARIO" NOT NULL ENABLE);
  ALTER TABLE "ARQUI2"."RITMOCARDIACO" ADD PRIMARY KEY ("IDRITMO")
  USING INDEX PCTFREE 10 INITRANS 2 MAXTRANS 255 COMPUTE STATISTICS 
  STORAGE(INITIAL 65536 NEXT 1048576 MINEXTENTS 1 MAXEXTENTS 2147483645
  PCTINCREASE 0 FREELISTS 1 FREELIST GROUPS 1
  BUFFER_POOL DEFAULT FLASH_CACHE DEFAULT CELL_FLASH_CACHE DEFAULT)
  TABLESPACE "USERS"  ENABLE;
--------------------------------------------------------
--  Ref Constraints for Table COACH
--------------------------------------------------------

  ALTER TABLE "ARQUI2"."COACH" ADD FOREIGN KEY ("IDATLETA")
	  REFERENCES "ARQUI2"."USUARIO" ("IDUSUARIO") ENABLE;
  ALTER TABLE "ARQUI2"."COACH" ADD FOREIGN KEY ("IDENTRENADOR")
	  REFERENCES "ARQUI2"."USUARIO" ("IDUSUARIO") ENABLE;
--------------------------------------------------------
--  Ref Constraints for Table DETALLEOXIGENO
--------------------------------------------------------

  ALTER TABLE "ARQUI2"."DETALLEOXIGENO" ADD FOREIGN KEY ("IDOXIGENO")
	  REFERENCES "ARQUI2"."OXIGENO" ("IDOXIGENO") ENABLE;
--------------------------------------------------------
--  Ref Constraints for Table DETALLERITMO
--------------------------------------------------------

  ALTER TABLE "ARQUI2"."DETALLERITMO" ADD FOREIGN KEY ("IDRITMO")
	  REFERENCES "ARQUI2"."RITMOCARDIACO" ("IDRITMO") ENABLE;
--------------------------------------------------------
--  Ref Constraints for Table DETALLETEMPERATURA
--------------------------------------------------------

  ALTER TABLE "ARQUI2"."DETALLETEMPERATURA" ADD FOREIGN KEY ("IDTEMPERATURA")
	  REFERENCES "ARQUI2"."TEMPERATURA" ("IDTEMPERATURA") ENABLE;
--------------------------------------------------------
--  Ref Constraints for Table OXIGENO
--------------------------------------------------------

  ALTER TABLE "ARQUI2"."OXIGENO" ADD FOREIGN KEY ("IDUSUARIO")
	  REFERENCES "ARQUI2"."USUARIO" ("IDUSUARIO") ENABLE;
--------------------------------------------------------
--  Ref Constraints for Table RITMOCARDIACO
--------------------------------------------------------

  ALTER TABLE "ARQUI2"."RITMOCARDIACO" ADD FOREIGN KEY ("IDUSUARIO")
	  REFERENCES "ARQUI2"."USUARIO" ("IDUSUARIO") ENABLE;
--------------------------------------------------------
--  Ref Constraints for Table TEMPERATURA
--------------------------------------------------------

  ALTER TABLE "ARQUI2"."TEMPERATURA" ADD FOREIGN KEY ("IDUSUARIO")
	  REFERENCES "ARQUI2"."USUARIO" ("IDUSUARIO") ENABLE;
